ASIN List,Campaign Id,Campaign Name,Brand Name,Campaign Start Date,Campaign End Date,Commission Rate,Campaign Budget,Budget Remaining,Available Slot,Total Slot,Recommended
"[B0GDD6TC84, B0GDDTQCTS, B0GDCYZFY8, B0GDCN1Y44, B0GDDKTMG5, B0GDD8MFF9, B0GDDNSHFL, B0GDF28GPP, B0GDDTG485, B0GDDHB3YL, B0GDDND42J, B0GDF2NJ2F, B0GDDHGVVH, B0GDDTPFG4, B0GDD6RNWZ, B0GDF26KJR, B0GDCZBG9Q, B0GDDNVRWJ, B0GDCN9DXW, B0GDCWW7W3, B0GDCQJFWW, B0GDDKW6FC]",amzn1.campaign.257RJB2JFA43O,🌿 Modern Outdoor Style! HUGEAR Rug 44% Discount Event-SC-RZW,HUGEAR,2026-08-05,2026-10-08,10.00%,5000.0,5000.0,172,800,false
[B0GWMCND2R],amzn1.campaign.3GRQOPWVQGCUJ,MT40Pcs-Campaign-1,SS INTERNATIONAL,2026-08-05,2027-04-30,10.00%,5000.0,4989.82,98,800,false
[B0C69J7CMH],amzn1.campaign.2UL7CZF8JEJUT,2-in-1 Steam Iron with Auto Shutoff - OMAIGA 1550W - 15% Commission - 951RV,OMAIGA,2026-08-07,2027-08-01,20.00%,5000.0,5000.0,171,800,false
"[B0GYXZ5Q95, B0GYXRB9JG, B0GYXZXJLB, B0GYYFQVC3, B0GYYVH8FS, B0GYZ9LL2L, B0GYXR5HS4, B0GYXX52QN, B0GYXYC4M4, B0GYXYWNRM, B0GYZ2D1KB, B0GYYK9DHB, B0GYYLRLJY, B0GYXYV2TB, B0GYZBFYB2, B0GYZ1V6SC, B0GYZ3YW43, B0GYXYSVWS, B0GYYSH5CD, B0GYZ1ZPMP, B0GYYV1MZ8, B0GYXZ6CN8, B0GYYNWP35, B0GYXRBTS1, B0GYXRCV4L, B0GYYN5S1L, B0GYZ337CW, B0GYYVH1GQ, B0GYYMQ3NL, B0GYZ3LZD8, B0GYYYVH9B, B0GYZ3CD6Y, B0GYXYZ5JT, B0GYYNH9JY, B0GYYLJLYQ, B0GYYZY3LR]",amzn1.campaign.219UHENFMLRJ5,Limited Time Deal: ✨ BerryGo Boho Dress Collab -LW-M26DR0261,BerryGo,2026-08-08,2026-11-24,10.00%,5000.0,5000.0,148,800,false
[B0C69J7CMH],amzn1.campaign.1WNSVKARW5KWV,Home Appliance Pick! OMAIGA 1550W 2-in-1 Steam Iron - 15% - 951RV,OMAIGA,2026-08-07,2027-08-02,20.00%,5000.0,5000.0,173,800,false
"[B0GYXZ5Q95, B0GYXRB9JG, B0GYXZXJLB, B0GYYFQVC3, B0GYYVH8FS, B0GYZ9LL2L, B0GYXR5HS4, B0GYXX52QN, B0GYXYC4M4, B0GYXYWNRM, B0GYZ2D1KB, B0GYYK9DHB, B0GYYLRLJY, B0GYXYV2TB, B0GYZBFYB2, B0GYZ1V6SC, B0GYZ3YW43, B0GYXYSVWS, B0GYYSH5CD, B0GYZ1ZPMP, B0GYYV1MZ8, B0GYXZ6CN8, B0GYYNWP35, B0GYXRBTS1, B0GYXRCV4L, B0GYYN5S1L, B0GYZ337CW, B0GYYVH1GQ, B0GYYMQ3NL, B0GYZ3LZD8, B0GYYYVH9B, B0GYZ3CD6Y, B0GYXYZ5JT, B0GYYNH9JY, B0GYYLJLYQ, B0GYYZY3LR]",amzn1.campaign.1LOQNSD19T3TL,HOT Deal: 🌿 BerryGo Ruffle Maxi Collab -LW-M26DR0261,BerryGo,2026-08-08,2026-11-23,10.00%,5000.0,5000.0,150,800,false
[B0C69J7CMH],amzn1.campaign.2E1FXHASRJ8L9,Corded or Cordless Home Steam Iron by OMAIGA - 15% Commission - 951RV,OMAIGA,2026-08-07,2027-08-04,20.00%,5000.0,5000.0,170,800,false
"[B0GDD6TC84, B0GDDTQCTS, B0GDCYZFY8, B0GDCN1Y44, B0GDDKTMG5, B0GDD8MFF9, B0GDDNSHFL, B0GDF28GPP, B0GDDTG485, B0GDDHB3YL, B0GDDND42J, B0GDF2NJ2F, B0GDDHGVVH, B0GDDTPFG4, B0GDD6RNWZ, B0GDF26KJR, B0GDCZBG9Q, B0GDDNVRWJ, B0GDCN9DXW, B0GDCWW7W3, B0GDCQJFWW, B0GDDKW6FC]",amzn1.campaign.30LWUT7NKTZH5,✨ Upgrade Your Space! HUGEAR 8x10 Rug 44% Off Deal-SC-RZW,HUGEAR,2026-08-05,2026-10-07,10.00%,5000.0,5000.0,168,800,false
"[B0GYXZ5Q95, B0GYXRB9JG, B0GYXZXJLB, B0GYYFQVC3, B0GYYVH8FS, B0GYZ9LL2L, B0GYXR5HS4, B0GYXX52QN, B0GYXYC4M4, B0GYXYWNRM, B0GYZ2D1KB, B0GYYK9DHB, B0GYYLRLJY, B0GYXYV2TB, B0GYZBFYB2, B0GYZ1V6SC, B0GYZ3YW43, B0GYXYSVWS, B0GYYSH5CD, B0GYZ1ZPMP, B0GYYV1MZ8, B0GYXZ6CN8, B0GYYNWP35, B0GYXRBTS1, B0GYXRCV4L, B0GYYN5S1L, B0GYZ337CW, B0GYYVH1GQ, B0GYYMQ3NL, B0GYZ3LZD8, B0GYYYVH9B, B0GYZ3CD6Y, B0GYXYZ5JT, B0GYYNH9JY, B0GYYLJLYQ, B0GYYZY3LR]",amzn1.campaign.15CPFX0KTAT2Y,Great Deal: 🌸 BerryGo Holiday Maxi Collab -LW-M26DR0261,BerryGo,2026-08-08,2026-11-22,10.00%,5000.0,5000.0,144,800,false
[B0C69J7CMH],amzn1.campaign.2L9UYCLXXGAN2,Flexible Home Ironing with OMAIGA 2-in-1 Steam Iron - 15% Commission - 951RV,OMAIGA,2026-08-07,2027-08-05,20.00%,5000.0,5000.0,173,800,false
"[B0FP46RL35, B0FP484J76, B0FP4831Z5, B0FP43RY56, B0FP3YVHL2, B0FP4696DN, B0FP48THH2, B0FP4JY3TH, B0FP44BNY1, B0FP4GFZ7Z]",amzn1.campaign.3VSTS1C5LMG9M,201 Christian Sweatshirts for Women Faith Bible Verse Religious Shirts,QIXYN,2026-08-05,2026-11-01,10.00%,5000.0,5000.0,107,800,false
[B0C69J7CMH],amzn1.campaign.2ZV19HEEK8EF7,2-in-1 Home Garment Care with OMAIGA 1550W Steam Iron - 15% Commission - 951RV,OMAIGA,2026-08-07,2027-08-06,20.00%,5000.0,5000.0,169,800,false
"[B0GYXZ5Q95, B0GYXRB9JG, B0GYXZXJLB, B0GYYFQVC3, B0GYYVH8FS, B0GYZ9LL2L, B0GYXR5HS4, B0GYXX52QN, B0GYXYC4M4, B0GYXYWNRM, B0GYZ2D1KB, B0GYYK9DHB, B0GYYLRLJY, B0GYXYV2TB, B0GYZBFYB2, B0GYZ1V6SC, B0GYZ3YW43, B0GYXYSVWS, B0GYYSH5CD, B0GYZ1ZPMP, B0GYYV1MZ8, B0GYXZ6CN8, B0GYYNWP35, B0GYXRBTS1, B0GYXRCV4L, B0GYYN5S1L, B0GYZ337CW, B0GYYVH1GQ, B0GYYMQ3NL, B0GYZ3LZD8, B0GYYYVH9B, B0GYZ3CD6Y, B0GYXYZ5JT, B0GYYNH9JY, B0GYYLJLYQ, B0GYYZY3LR]",amzn1.campaign.2L5ELRVR3EDOC,Limited Time Deal: 🌼 BerryGo Relaxed Maxi Collab -LW-M26DR0261,BerryGo,2026-08-08,2026-11-21,10.00%,5000.0,5000.0,153,800,false
[B091DWBBPK],amzn1.campaign.SDVLTFTMXB8S,Daily Routine Upgrade with OMAIGA Professional 1500W Steam Iron - 15% - 937,OMAIGA,2026-08-07,2027-07-28,15.00%,5000.0,5000.0,176,800,false
"[B07PP4MD8H, B07PTVY5JT]",amzn1.campaign.3LCAG8DSP6VJ5,"🌿💊 Maxi Health – Trusted Women’s Wellness, Backed by Science 💚✨",Maxi Health,2026-08-06,2027-08-03,13.00%,898952.0,898952.0,104,800,false
"[B0GYXZ5Q95, B0GYXRB9JG, B0GYXZXJLB, B0GYYFQVC3, B0GYYVH8FS, B0GYZ9LL2L, B0GYXR5HS4, B0GYXX52QN, B0GYXYC4M4, B0GYXYWNRM, B0GYZ2D1KB, B0GYYK9DHB, B0GYYLRLJY, B0GYXYV2TB, B0GYZBFYB2, B0GYZ1V6SC, B0GYZ3YW43, B0GYXYSVWS, B0GYYSH5CD, B0GYZ1ZPMP, B0GYYV1MZ8, B0GYXZ6CN8, B0GYYNWP35, B0GYXRBTS1, B0GYXRCV4L, B0GYYN5S1L, B0GYZ337CW, B0GYYVH1GQ, B0GYYMQ3NL, B0GYZ3LZD8, B0GYYYVH9B, B0GYZ3CD6Y, B0GYXYZ5JT, B0GYYNH9JY, B0GYYLJLYQ, B0GYYZY3LR]",amzn1.campaign.1L0PH3WKYVIJX,HOT Deal: 🌟 BerryGo Chic Maxi Collab Invite -LW-M26DR0261,BerryGo,2026-08-08,2026-11-20,10.00%,5000.0,5000.0,152,800,false
"[B0G7266J5S, B0G71S3PTR, B0G72G6PY9, B0GP7BZGGX, B0GP84Y9WP, B0GP8DQJ6C, B0G71RDB96, B0GP7GY2SS, B0G7266VDM, B0G72VS7QF, B0HBQCQMJR, B0G72KV268, B0HCF4W5NH, B0G727PRLW, B0G72V1LG6]",amzn1.campaign.200OKTNV694QS,Flipp 3D Creator Connection ampaign,FLIPP 3D,2026-08-05,2027-08-05,20.00%,5000.0,4990.4,109,800,false
"[B0GDD6TC84, B0GDDTQCTS, B0GDCYZFY8, B0GDCN1Y44, B0GDDKTMG5, B0GDD8MFF9, B0GDDNSHFL, B0GDF28GPP, B0GDDTG485, B0GDDHB3YL, B0GDDND42J, B0GDF2NJ2F, B0GDDHGVVH, B0GDDTPFG4, B0GDD6RNWZ, B0GDF26KJR, B0GDCZBG9Q, B0GDDNVRWJ, B0GDCN9DXW, B0GDCWW7W3, B0GDCQJFWW, B0GDDKW6FC]",amzn1.campaign.3TK6ORKLSCSE2,🏡 HUGEAR Outdoor Rug Hot Sale! Save $70 Limited Time-SC-RZW,HUGEAR,2026-08-05,2026-10-06,10.00%,5000.0,5000.0,174,800,false
"[B002UUHQ5K, B0CVQYDH9X, B00RBTGIMC, B002CVTXXU, B0D1CWM1QK, B002CVTX7Q, B00IOGK91W, B08BG3YVZL, B002CVTXA8, B000WUDUAA, B0DFZ1XQKK, B07BJMBD6M, B003383S5U, B09Z37PHHN, B078474WHY, B004ZUF8YY, B000IRN9NK, B001ASCWV6, B0BLXQHPBW, B002CVTY0W, B002CVTX6W, B00UIJE7FW, B0CVJJN86X, B002CVTYIE, B002CVTY0M, B004W31R1W, B002CVTY98, B00IGAR3CO, B001B64QE8, B002CVTXWQ, B00028N8PO, B011CWLA8A, B004OP3X38, B002CVTY9I, B00HWYR65O, B00BZ4ROPO, B01N2UKJXH, B002CVTX7G, B002CVTYRA, B0054RPBEY, B002CVTXXA, B002CVTYZC, B002CVTXJO, B06Y67W6FV, B0038ZH1LK, B002CVTXBC, B003R2IXKW, B002CVTYU2, B002CVTX9Y, B002CVTXJE, B06Y61S9B2, B0B3ZL8J32, B002CVTXBW, B007A2ZP74, B01A7CLPLS, B002CVTXC6, B00UIJ90XG, B002CVTXK8, B002CVTXJY, B00RBTGJY4, B06Y67KRYC, B07RCCMRMR, B002CVTYT8, B002PNBOO6, B09PC5HBL6, B00U37GKAE, B016MZZIL2, B002CVTY2U, B0C9MZK34P, B011CWLGWU, B003TU3ROY, B07VYL6SN9, B002CVTX9O, B0DDM4RRCD, B0091TD8RS, B06Y68DSTL, B002CVTXAS, B005N0JACG, B003JCW6WQ, B0BLWDJWN6, B07PTVY5JT, B002CVTXJ4, B00L71SPRG, B002CVTXLM, B001DTX3BA, B004A5R6FS, B002CVTYW0, B009TS6012, B0CVQXD37K, B004WP23UO, B000TDTDOW, B0030E9V62, B006ATBMVG, B07BJMR167, B002CVTYFW, B09JL2DDHV, B001AS9386, B075FDZGSG, B002CVTYV6, B000TDX7PS, B007A30P64, B011CWL3IW, B002CVTXCG, B07GDQKYXH, B07PP4MD8H, B09JL32DJR, B0B7KL4WVP, B003JD1LVM, B002PNA4BK, B0C4X5WJXH, B00O54YNWI, B0743NHHMT, B01MZIYOVU, B004YHKW76, B003R2QTMQ, B0CVLL5MZ6, B07GY2JJV5, B003TU5S8M, B00BPPMF5W, B07H7XS48W, B002CVTXO4, B00028N6SI, B002CVTYXY, B002CVTY02, B002CVTXNK, B002CVTYPM, B002CVTY7U, B000IRLCR0, B002CVTX62, B0CVLKQHZ1, B002CVTXOE, B002CVTYQG, B002CVTX6M, B002CVTY8O, B002CVTYYI, B00028NSKY, B00028ME2M, B007ZR0XIK, B002CVTY0C, B002CVTXFS, B01MSZTZN8, B000IRN980, B087V1LVW4, B004KZIKBM, B08V8JTCL9, B00PYQ3XWM, B005P0XCEQ, B001AZU9QO, B002CVTYGG, B00UIJ32PI, B002CVTYP2, B002CVTY70, B002CVTY7K, B07BMD9Q16, B002CVTXF8, B0091TD8FA, B002CVTXEY, B09DRJMC34, B002XO8REM, B07S5X5K9F, B00028N6RE, B004KZIKD0, B002CVTY7A]",amzn1.campaign.2Q37M6RXIY7ZN,"🌿💊 Maxi Health – Trusted Wellness, Backed by Science 💚✨",Maxi Health,2026-08-07,2027-06-17,13.00%,985565.0,985562.99,86,800,false
"[B0GYXZ5Q95, B0GYXRB9JG, B0GYXZXJLB, B0GYYFQVC3, B0GYYVH8FS, B0GYZ9LL2L, B0GYXR5HS4, B0GYXX52QN, B0GYXYC4M4, B0GYXYWNRM, B0GYZ2D1KB, B0GYYK9DHB, B0GYYLRLJY, B0GYXYV2TB, B0GYZBFYB2, B0GYZ1V6SC, B0GYZ3YW43, B0GYXYSVWS, B0GYYSH5CD, B0GYZ1ZPMP, B0GYYV1MZ8, B0GYXZ6CN8, B0GYYNWP35, B0GYXRBTS1, B0GYXRCV4L, B0GYYN5S1L, B0GYZ337CW, B0GYYVH1GQ, B0GYYMQ3NL, B0GYZ3LZD8, B0GYYYVH9B, B0GYZ3CD6Y, B0GYXYZ5JT, B0GYYNH9JY, B0GYYLJLYQ, B0GYYZY3LR]",amzn1.campaign.1IC87V4JWOPS4,Great Deal: 🌸 BerryGo Flowy Sundress Collab -LW-M26DR0261,BerryGo,2026-08-08,2027-02-19,10.00%,5000.0,5000.0,148,800,false
[B0F7R4SQVS],amzn1.campaign.3SWA1PD6BEOBK,Dolphin Pump - Wireless Water Pump for Kids  | 10% Commission + Free Sample,ZMGM,2026-08-05,2026-09-30,10.00%,5000.0,4994.6,103,800,false
"[B07V4NM6KB, B0BL8J8F6B, B008GTJXSC, B0BLP9ZBXK, B00838HQJE, B09271VYB6, B0CB8YHNVS, B0CTS7617M, B0C9KKVWFM, B07VDGVP2H, B08XXVGC42, B08JN3HKT3, B097FF2B3P, B0DHYBQ5YZ, B09NHVHYX1, B0C9KN2XY6, B08JNGNBHB, B09XQ16PPX, B07JKY586L, B0D94PMR6L, B07LG52GNW, B0BS2D4Q93, B00O72RBJU, B0DHYG2CC1, B0DG6W85VZ, B0725WH4X5, B0DHYFFCS8, B09HRBBJJY, B08LBVSSSM, B00838HQG2, B0CKYX4BLW, B0CKYVKCFZ, B0BLPB65VW, B0BS1TQ94G, B08LBVVQ8N, B0CD89W415, B09XQC45FP, B092J91ZKT, B00W0PEOQ4, B0BL8FYH8W, B0CTD2S4MC, B0BS73Q1CV, B08PDRR3MX, B0BWFS8L5S, B07TMQVDFF, B09QSJ965Z, B0DNNSK1Z1, B0BMW4KNRK, B0DGMBPPJQ, B0C15BLNHJ, B0BLPBCNQC, B08VJ89LYZ, B07JLKLNQH, B0CTD2CNFP, B086BX3RDD, B0DHYGXDLM, B0DG6Y6SHQ, B0C5B1JB6J, B085Z9B5D3, B07BDNCD93, B0BLPX8K3J, B0DNNPQC3S, B0BTN1ZBGZ, B09NNT94NY, B08W77KXLY, B013TBO4L2, B017XZ1R0Q, B0CTD29RHV, B0BMW5Z7HW, B08VJ752GM, B00WGS36WI, B086BR5P9J, B086BJQWTN, B08GLVM7LG, B00B7V0YSE]",amzn1.campaign.2O377PLDQP12N,🍓🍊 Sweeten Your Health Routine – YUM-V's Gummies Are Here!,YUM-V'S,2026-08-05,2027-08-04,11.00%,45774.0,45774.0,123,800,false
[B091DWBBPK],amzn1.campaign.1EXXOG2GV2C86,Home Wardrobe Refresh with OMAIGA 1500W Steam Iron - 15% Commission - 937,OMAIGA,2026-08-07,2027-07-29,15.00%,5000.0,5000.0,175,800,false
"[B07V4NM6KB, B0BL8J8F6B, B008GTJXSC, B0BLP9ZBXK, B00838HQJE, B09271VYB6, B0CB8YHNVS, B0CTS7617M, B0C9KKVWFM, B07VDGVP2H, B08XXVGC42, B08JN3HKT3, B097FF2B3P, B09NHVHYX1, B0C9KN2XY6, B08JNGNBHB, B09XQ16PPX, B0FSMZ3Z8X, B07JKY586L, B0D94PMR6L, B07LG52GNW, B0BS2D4Q93, B00O72RBJU, B0DHYG2CC1, B0DG6W85VZ, B0725WH4X5, B0DHYFFCS8, B09HRBBJJY, B08LBVSSSM, B00838HQG2, B0CKYX4BLW, B0CKYVKCFZ, B0BLPB65VW, B0BS1TQ94G, B08LBVVQ8N, B0CD89W415, B09XQC45FP, B092J91ZKT, B00W0PEOQ4, B0BL8FYH8W, B0CTD2S4MC, B0BS73Q1CV, B08PDRR3MX, B0BWFS8L5S, B07TMQVDFF, B09QSJ965Z, B0DNNSK1Z1, B0BMW4KNRK, B0DGMBPPJQ, B0C15BLNHJ, B0BLPBCNQC, B0FXHH1XVK, B08VJ89LYZ, B07JLKLNQH, B0CTD2CNFP, B086BX3RDD, B0DHYGXDLM, B0DG6Y6SHQ, B085Z9B5D3, B07BDNCD93, B0BLPX8K3J, B0DNNPQC3S, B0BTN1ZBGZ, B09NNT94NY, B0FR5YG3X1, B08W77KXLY, B013TBO4L2, B017XZ1R0Q, B0CTD29RHV, B0BMW5Z7HW, B08VJ752GM, B00WGS36WI, B086BR5P9J, B086BJQWTN, B08GLVM7LG, B00B7V0YSE]",amzn1.campaign.329QB8DDGQEXT,🍓💊 YumVs Tasty Wellness Favorites ✨💚,YUM-V'S,2026-08-05,2027-03-18,13.00%,982125.0,982122.07,127,800,false
"[B0GDD6TC84, B0GDDTQCTS, B0GDCYZFY8, B0GDCN1Y44, B0GDDKTMG5, B0GDD8MFF9, B0GDDNSHFL, B0GDF28GPP, B0GDDTG485, B0GDDHB3YL, B0GDDND42J, B0GDF2NJ2F, B0GDDHGVVH, B0GDDTPFG4, B0GDD6RNWZ, B0GDF26KJR, B0GDCZBG9Q, B0GDDNVRWJ, B0GDCN9DXW, B0GDCWW7W3, B0GDCQJFWW, B0GDDKW6FC]",amzn1.campaign.23948T3PPXF29,🔥 Surprise Discount! HUGEAR 8x10 Rug 44% Off Limited Offer-SC-RZW,HUGEAR,2026-08-05,2026-10-05,10.00%,5000.0,5000.0,174,800,false
[B091DWBBPK],amzn1.campaign.22S22WMGPFD1N,Useful Gift Idea! OMAIGA 1500W Steam Iron - 15% Commission-937,OMAIGA,2026-08-07,2027-07-30,15.00%,5000.0,5000.0,178,800,false
"[B01IRIVFE6, B01IRHYSPK, B0H6Y6118N, B00ZZ5KRTO, B01IRIOWDC]",amzn1.campaign.3D5WQ9W289DO7,🍑☕👀This isn’t the kind of coffee you just drink… 🍑☕👀,S.A. WILSON'S,2026-08-06,2027-05-07,10.00%,900000.0,900000.0,145,800,false
"[B0GYXZ5Q95, B0GYXRB9JG, B0GYXZXJLB, B0GYYFQVC3, B0GYYVH8FS, B0GYZ9LL2L, B0GYXR5HS4, B0GYXX52QN, B0GYXYC4M4, B0GYXYWNRM, B0GYZ2D1KB, B0GYYK9DHB, B0GYYLRLJY, B0GYXYV2TB, B0GYZBFYB2, B0GYZ1V6SC, B0GYZ3YW43, B0GYXYSVWS, B0GYYSH5CD, B0GYZ1ZPMP, B0GYYV1MZ8, B0GYXZ6CN8, B0GYYNWP35, B0GYXRBTS1, B0GYXRCV4L, B0GYYN5S1L, B0GYZ337CW, B0GYYVH1GQ, B0GYYMQ3NL, B0GYZ3LZD8, B0GYYYVH9B, B0GYZ3CD6Y, B0GYXYZ5JT, B0GYYNH9JY, B0GYYLJLYQ, B0GYYZY3LR]",amzn1.campaign.1STFUR1RPO0XB,HOT Deal: 🌿 BerryGo Vacation Maxi Collab -LW-M26DR0261,BerryGo,2026-08-08,2026-11-17,10.00%,5000.0,5000.0,151,800,false
"[B0H1SJRNXQ, B0H1SNCMPD]",amzn1.campaign.1N7K00I99V7EJ,"Brushee Retainers Made Easy, Daily Cleaner for Aligners, Dentures & Mouth Guards",Brushee,2026-08-05,2027-02-15,25.00%,50000.0,49981.8,102,800,false
[B091DWBBPK],amzn1.campaign.3HX0C3F73JXHJ,Daily Outfit Care with OMAIGA Professional 1500W Steam Iron - 15% Commission-937,OMAIGA,2026-08-07,2027-07-31,15.00%,5000.0,5000.0,177,800,false
"[B01IRIVFE6, B01IRHYSPK, B0H6Y6118N, B00ZZ5KRTO, B01IRIOWDC]",amzn1.campaign.3U739MVUDFRPY,☕💩 Why Enemas? Why Coffee? Why S.A. Wilson’s? 🌿✨,S.A. WILSON'S,2026-08-05,2027-03-18,10.00%,900000.0,900000.0,156,800,false
"[B0GYXZ5Q95, B0GYXRB9JG, B0GYXZXJLB, B0GYYFQVC3, B0GYYVH8FS, B0GYZ9LL2L, B0GYXR5HS4, B0GYXX52QN, B0GYXYC4M4, B0GYXYWNRM, B0GYZ2D1KB, B0GYYK9DHB, B0GYYLRLJY, B0GYXYV2TB, B0GYZBFYB2, B0GYZ1V6SC, B0GYZ3YW43, B0GYXYSVWS, B0GYYSH5CD, B0GYZ1ZPMP, B0GYYV1MZ8, B0GYXZ6CN8, B0GYYNWP35, B0GYXRBTS1, B0GYXRCV4L, B0GYYN5S1L, B0GYZ337CW, B0GYYVH1GQ, B0GYYMQ3NL, B0GYZ3LZD8, B0GYYYVH9B, B0GYZ3CD6Y, B0GYXYZ5JT, B0GYYNH9JY, B0GYYLJLYQ, B0GYYZY3LR]",amzn1.campaign.37AI0DNXXXRBS,Great Deal: 🌺 BerryGo Ruffle Maxi Collab Invite -LW-M26DR0261,BerryGo,2026-08-08,2027-02-16,10.00%,5000.0,5000.0,151,800,false
"[B01IRIVFE6, B01IRHYSPK, B0H6Y6118N, B00ZZ5KRTO, B01IRIOWDC]",amzn1.campaign.2BC4RDC6JDC43,☕💩 Why Enemas? Why Coffee? Why S.A. Wilson’s? 🌿✨,S.A. WILSON'S,2026-08-05,2026-10-17,10.00%,89545.0,89545.0,162,800,false
"[B0GDD6TC84, B0GDDTQCTS, B0GDCYZFY8, B0GDCN1Y44, B0GDDKTMG5, B0GDD8MFF9, B0GDDNSHFL, B0GDF28GPP, B0GDDTG485, B0GDDHB3YL, B0GDDND42J, B0GDF2NJ2F, B0GDDHGVVH, B0GDDTPFG4, B0GDD6RNWZ, B0GDF26KJR, B0GDCZBG9Q, B0GDDNVRWJ, B0GDCN9DXW, B0GDCWW7W3, B0GDCQJFWW, B0GDDKW6FC]",amzn1.campaign.IA3F057IKCXT,🌿 Limited Time Deal! 8x10 Outdoor Rug Save 44% Today-SC-RZW,HUGEAR,2026-08-05,2026-10-04,10.00%,5000.0,5000.0,175,800,false
[B091DWBBPK],amzn1.campaign.348TWUVLNFBLQ,Workday Outfit with OMAIGA 1500W Steam Iron - 15% Commission - 937,OMAIGA,2026-08-07,2027-08-03,15.00%,5000.0,5000.0,180,800,false
[B091DWBBPK],amzn1.campaign.LI3M0SPG8M6H,Clothing Care with OMAIGA 1500W Steam Iron - 15% Commission - 937,OMAIGA,2026-08-07,2027-08-04,15.00%,5000.0,5000.0,173,800,false
"[B0GYXZ5Q95, B0GYXRB9JG, B0GYXZXJLB, B0GYYFQVC3, B0GYYVH8FS, B0GYZ9LL2L, B0GYXR5HS4, B0GYXX52QN, B0GYXYC4M4, B0GYXYWNRM, B0GYZ2D1KB, B0GYYK9DHB, B0GYYLRLJY, B0GYXYV2TB, B0GYZBFYB2, B0GYZ1V6SC, B0GYZ3YW43, B0GYXYSVWS, B0GYYSH5CD, B0GYZ1ZPMP, B0GYYV1MZ8, B0GYXZ6CN8, B0GYYNWP35, B0GYXRBTS1, B0GYXRCV4L, B0GYYN5S1L, B0GYZ337CW, B0GYYVH1GQ, B0GYYMQ3NL, B0GYZ3LZD8, B0GYYYVH9B, B0GYZ3CD6Y, B0GYXYZ5JT, B0GYYNH9JY, B0GYYLJLYQ, B0GYYZY3LR]",amzn1.campaign.2TJ0VWRNZXSJL,HOT Deal: 🌸 BerryGo Summer Maxi Collab Invite -LW-M26DR0261,BerryGo,2026-08-08,2027-02-14,10.00%,5000.0,5000.0,151,800,false
[B079G4C2K4],amzn1.campaign.1UND2ERWOFNOK,HeartHealth 05-08/ 30-09-20%,Pinnaclife,2026-08-05,2026-09-30,20.00%,1000000.0,1000000.0,139,800,false
"[B0DP2STK65, B0DP2QW8X4, B0DP2RXKZQ, B089QL95MQ, B0GXYWL3Q7, B0DP2QW8X3, B0DP5KK8VV, B0DP2TV9VD, B0DP2VRLC5, B089QNHJXG, B0DP2VWK9P, B0DP2SXG62, B0DP5L8MDS, B0DP5M7BJH, B0GYBG7PSG, B0DP5K6BCN, B0DP2TZY93, B0DP5HBC17, B0DSKK7HKR, B0DP2VFYPH, B0DP5ML5B2, B0DP2TK28P, B0DP45XR68, B0GY1TCFZQ, B089QP5M31, B0DP5KWGMT, B0DP2SNBKB, B0DP2V7WP6, B0DP44WLQN, B0DP2R9R1W, B0DP5LS8GT, B0GY489LPV, B089QQ7FGN, B0DP5KYFJB, B0DP2V3G3Z, B0DP2VKZ1S, B0DP2VRN9B, B0DP5LP5KL, B0DP44MV6R, B0DP2RTZV4, B0DP5MGGZ3, B0DSKKT3JK, B0DP2RYTC2, B0DP5M7X6R, B0DP2SJZT8, B0DP2SKMFX, B0DP2V6CS5, B0DP5MC8M6, B0DP5KWKFF, B0DP2TCGC5, B0DP5KY396, B0DP2RXP9P, B0DP2RYTBV, B0DP5L9QT9, B089QQ86VL, B0DP2WJSD2, B0DP43GY61, B0GY7GQ7X2, B0GYC9NVK1, B0DP5M1RMQ, B0DP2RBP64, B0DP2SG5CP, B0DP5LSRDD, B0GY26YZ4X, B0GXY9Y5HT, B0DP2RMVGD, B0DP2X3HC6, B0DP2TQ4QQ, B0DP2T8WLB, B0DP5KY5NG, B0DP2T82X9, B089QQ1VG9, B0DP5LH38K, B0DP5LKKFY, B0DP5L42T6, B0DP2QXYN9, B0DP5KZGKF, B0DP2S2KBG, B0DP2S9RP7]",amzn1.campaign.BPSZ95ZW3N36,Negative Underwear - 16.6% Commission - August,NEGATIVE,2026-08-05,2026-11-30,16.60%,50000.0,49571.73,108,800,false
"[B0GWRMPY8W, B0GWRP4DJ7, B0H1BS6N3M]",amzn1.campaign.28JWGINYV86OA,Flower Bags for Bouquets 200PCS,MEI SHUO PIN,2026-08-05,2027-08-05,10.00%,20000.0,19994.94,114,800,false
[B091DWBBPK],amzn1.campaign.1P5MZDC6KY0U,Garment Care with OMAIGA Professional 1500W Steam Iron - 15% Commission - 937,OMAIGA,2026-08-07,2027-08-05,15.00%,5000.0,5000.0,176,800,false
[B079G9M87W],amzn1.campaign.1WI7UV4W0E1C4,Sleep Health 05-08/ 30-09-20%,Pinnaclife,2026-08-05,2026-09-30,20.00%,100000.0,100000.0,150,800,false
"[1953756336, 1951356543, 1953756158, 1953756166, 1953756131, 1952592658, 1960765132]",amzn1.campaign.FSO9JR914YNN,2026 Educational,Little Hippo,2026-08-05,2026-09-15,15.00%,5000.0,4807.34,86,800,false
[B091DWBBPK],amzn1.campaign.13T6FY0R5KV8C,Everyday Home Garment Care with OMAIGA 1500W Steam Iron - 15% Commission-937,OMAIGA,2026-08-07,2027-08-06,15.00%,5000.0,5000.0,167,800,false
"[B0GXK81DN5, B0GXK4W73R, B0GXJYKSF7]",amzn1.campaign.3DFFTFNFGJQ1N,10% Commission | 30K+ Monthly Sales Revenue | #2 Window Screens | Screen Mesh,Gecork,2026-08-05,2026-10-10,10.00%,5000.0,4975.37,110,800,false
[B079G3ZQYT],amzn1.campaign.1WTIK33HSF7SN,BrainHealth 05-08/ 30-09-20%,Pinnaclife,2026-08-05,2026-09-30,20.00%,1000000.0,1000000.0,137,800,false
"[B0GYXZ5Q95, B0GYXRB9JG, B0GYXZXJLB, B0GYYFQVC3, B0GYYVH8FS, B0GYZ9LL2L, B0GYXR5HS4, B0GYXX52QN, B0GYXYC4M4, B0GYXYWNRM, B0GYZ2D1KB, B0GYYK9DHB, B0GYYLRLJY, B0GYXYV2TB, B0GYZBFYB2, B0GYZ1V6SC, B0GYZ3YW43, B0GYXYSVWS, B0GYYSH5CD, B0GYZ1ZPMP, B0GYYV1MZ8, B0GYXZ6CN8, B0GYYNWP35, B0GYXRBTS1, B0GYXRCV4L, B0GYYN5S1L, B0GYZ337CW, B0GYYVH1GQ, B0GYYMQ3NL, B0GYZ3LZD8, B0GYYYVH9B, B0GYZ3CD6Y, B0GYXYZ5JT, B0GYYNH9JY, B0GYYLJLYQ, B0GYYZY3LR]",amzn1.campaign.1ELC7KA9S2OWU,Limited Time Deal: 🌊 BerryGo Beach Maxi Collab -LW-M26DR0261,BerryGo,2026-08-08,2026-11-12,10.00%,5000.0,5000.0,150,800,false
[B079G6F856],amzn1.campaign.3056W1BENP3A2,Digestive Health 05-08/ 30-09 - 20%,Pinnaclife,2026-08-05,2026-09-30,20.00%,1000000.0,999994.4,141,800,false
"[1952137942, 1952592755, 1952592976, 1952137918, 1952137373, 1952137608, 1951356705, 1953756905, 1951356837, 1951356756]",amzn1.campaign.1EGMI6DFBRVKQ,2026 Baby,Little Hippo,2026-08-05,2026-09-15,15.00%,5000.0,4502.55,38,800,false
[B091DXM4C4],amzn1.campaign.51OGZFMDS2Z2,Everyday Home Garment Care with OMAIGA 1750W Steam Iron - 15% Commission - 865,OMAIGA,2026-08-07,2027-07-29,15.00%,5000.0,5000.0,174,800,false
"[B0GYXZ5Q95, B0GYXRB9JG, B0GYXZXJLB, B0GYYFQVC3, B0GYYVH8FS, B0GYZ9LL2L, B0GYXR5HS4, B0GYXX52QN, B0GYXYC4M4, B0GYXYWNRM, B0GYZ2D1KB, B0GYYK9DHB, B0GYYLRLJY, B0GYXYV2TB, B0GYZBFYB2, B0GYZ1V6SC, B0GYZ3YW43, B0GYXYSVWS, B0GYYSH5CD, B0GYZ1ZPMP, B0GYYV1MZ8, B0GYXZ6CN8, B0GYYNWP35, B0GYXRBTS1, B0GYXRCV4L, B0GYYN5S1L, B0GYZ337CW, B0GYYVH1GQ, B0GYYMQ3NL, B0GYZ3LZD8, B0GYYYVH9B, B0GYZ3CD6Y, B0GYXYZ5JT, B0GYYNH9JY, B0GYYLJLYQ, B0GYYZY3LR]",amzn1.campaign.O2DW1IMDP0LO,HOT Deal: ✨ Viral BerryGo Boho Maxi Invite -LW-M26DR0261,BerryGo,2026-08-08,2026-11-11,10.00%,5000.0,5000.0,153,800,false
[B0H94HRK4D],amzn1.campaign.1TR4N2BK7VE7D,PDRN Capsule Cream,GOERTI,2026-08-05,2026-10-31,30.00%,5000.0,5000.0,90,800,false
[B091DXM4C4],amzn1.campaign.TGZCT5Z2FZ6C,Workday Outfit Prep with OMAIGA 1750W Steam Iron - 15% Commission - 865,OMAIGA,2026-08-07,2027-07-30,15.00%,5000.0,5000.0,179,800,false
"[1952137039, 1952137926, 1953756727, 1956818154, 1955044678, 195213711X]",amzn1.campaign.3MFT7HA3Q0OA4,2026 Farm,Little Hippo,2026-08-05,2026-09-15,15.00%,5000.0,4843.01,61,800,false
"[B0FVF5QSCF, B0FC5TDQHY, B0FC5TN2FC, B0FC5TD5ZB, B0G43PS1DR, B0FZTTQM6L, B0FZTTRZVH, B0G43NNWMV, B0FVDKCG3L, B0FC5WVF9Z, B0FC645ZZJ, B0G43LSGH6, B0FC5XB17J, B0G43PT8QS, B0FZSXN342, B0FZT75V19, B0FC5TPBR2, B0FC5TGVCF, B0G43VQLZT, B0FVF17PG1, B0G43L9X2J, B0FVDXFTYX, B0FC5T9B22, B0FC5YZ2RT, B0FZSRLVWM, B0G43NBNNK, B0G43LM2DL, B0FC5TQP6D, B0FZSZ38V2, B0FC5TN3X8, B0FNMKCVPM, B0FVF47QJV, B0FC5THWXY, B0FC5VLRR9, B0FC5XTR8H, B0FC5XCBKT, B0FC5TRL4F, B0G43LGY48, B0FVF6PC37, B0FC5ZXL1S, B0FC5XBQTV, B0FVDRPCR3, B0FVDTGS44, B0FC65ZBVT, B0FC5QGMWF, B0FNMM7XCJ, B0G43NQY56, B0FVDRPR75, B0FVF53T9T, B0G43M8TY2, B0FC5XL2JF, B0FC62DDV3, B0FC5TFN13, B0FZSY4K9Q, B0FC5TM25N, B0FC5TFRRH, B0FZV45Q7V, B0FC5TKC56, B0FC5XD8FN, B0FC5W2RPD, B0FZV2FR6S, B0FC5TSF36, B0FC63TWWM, B0FC5JV323, B0FC61F2JH, B0FZV3Q6SH, B0FVF42XRP, B0FC663YQG, B0FVFDGHKZ, B0FC5TMY7C, B0FZSZQF8M, B0FZSYBXPN, B0FNMKTF3H, B0FC5XJ21P, B0FC5TDKWX, B0FVDR8C5F, B0FVDTB82V, B0FVF894LP, B0FVDV48ZY, B0FVF6N927, B0FC5TKL54, B0FC5QG7FM, B0FZSSDHDY, B0FC5TKL53, B0FVDX87TQ, B0FC5ZZB9D, B0FNMNZ125, B0FNMLZKWB, B0FZT1MN2J, B0FNMKC9T7, B0FC5XP3BY, B0G43MKYH1, B0G43WPQ3Y, B0G43TYJB4, B0FC5TCVYY, B0FC5JLQ8Z, B0FVDVD2H3, B0FZSTLW58]",amzn1.campaign.3GQC3152YMNSK,🌟 HUGEAR Home Decor Favorite: 8x10 Rug Surprise Savings! -SC-BJD,HUGEAR,2026-08-05,2026-10-13,10.00%,5000.0,5000.0,149,800,false
"[B0GYXZ5Q95, B0GYXRB9JG, B0GYXZXJLB, B0GYYFQVC3, B0GYYVH8FS, B0GYZ9LL2L, B0GYXR5HS4, B0GYXX52QN, B0GYXYC4M4, B0GYXYWNRM, B0GYZ2D1KB, B0GYYK9DHB, B0GYYLRLJY, B0GYXYV2TB, B0GYZBFYB2, B0GYZ1V6SC, B0GYZ3YW43, B0GYXYSVWS, B0GYYSH5CD, B0GYZ1ZPMP, B0GYYV1MZ8, B0GYXZ6CN8, B0GYYNWP35, B0GYXRBTS1, B0GYXRCV4L, B0GYYN5S1L, B0GYZ337CW, B0GYYVH1GQ, B0GYYMQ3NL, B0GYZ3LZD8, B0GYYYVH9B, B0GYZ3CD6Y, B0GYXYZ5JT, B0GYYNH9JY, B0GYYLJLYQ, B0GYYZY3LR]",amzn1.campaign.2OVR25S28E8R8,Great Deal: 🌼 BerryGo Flowy Maxi Dress Collab -LW-M26DR0261,BerryGo,2026-08-08,2026-11-10,10.00%,5000.0,5000.0,148,800,false
"[B0DFM7XHQT, B0DFJ1L83V, B0BVKGJKH3, B0BVKQ4GCG]",amzn1.campaign.MA4Z1NWNXZNU,LED Light Kit for Lego,ZOVESY,2026-08-05,2026-11-05,25.00%,5000.0,5000.0,110,800,false
[B091DXM4C4],amzn1.campaign.20VZSG621H0JV,Powerful Steam for Daily Garment Care - OMAIGA 1750W Iron - 15% - 865,OMAIGA,2026-08-07,2027-08-01,15.00%,5000.0,5000.0,175,800,false
[B079G1WZVG],amzn1.campaign.ZKGHE2ABRWQZ,VitalBoost Energy  05-08/ 30-09-20%,Pinnaclife,2026-08-05,2026-09-30,20.00%,1000000.0,1000000.0,145,800,false
"[B0C9PZWZFG, B084JLC8J3, B0827GXX2V, B079C64HVG, B079C6VXL2, B079C6RNS4, B084JR57F2, B079C7Y82Q]",amzn1.campaign.XWYMTUM8LF7F,"Easy Greasy Grease Strainer Colander For Ground Beef, Vegitables, Fruit, Rice",Easy Greasy,2026-08-05,2027-02-28,10.00%,5001.0,4970.03,105,800,false
"[B0GYXZ5Q95, B0GYXRB9JG, B0GYXZXJLB, B0GYYFQVC3, B0GYYVH8FS, B0GYZ9LL2L, B0GYXR5HS4, B0GYXX52QN, B0GYXYC4M4, B0GYXYWNRM, B0GYZ2D1KB, B0GYYK9DHB, B0GYYLRLJY, B0GYXYV2TB, B0GYZBFYB2, B0GYZ1V6SC, B0GYZ3YW43, B0GYXYSVWS, B0GYYSH5CD, B0GYZ1ZPMP, B0GYYV1MZ8, B0GYXZ6CN8, B0GYYNWP35, B0GYXRBTS1, B0GYXRCV4L, B0GYYN5S1L, B0GYZ337CW, B0GYYVH1GQ, B0GYYMQ3NL, B0GYZ3LZD8, B0GYYYVH9B, B0GYZ3CD6Y, B0GYXYZ5JT, B0GYYNH9JY, B0GYYLJLYQ, B0GYYZY3LR]",amzn1.campaign.2VJATOAYP152H,Limited Time Deal: 🌟 BerryGo Maxi Dress Collab -LW-M26DR0261,BerryGo,2026-08-08,2026-11-09,10.00%,5000.0,5000.0,150,800,false
[B091DXM4C4],amzn1.campaign.3S4L4T97DK4MH,Smart Steam Iron with 3-Way Auto Shutoff - OMAIGA 1750W - 15% - 865,OMAIGA,2026-08-07,2027-08-02,15.00%,5000.0,5000.0,176,800,false
[B079FZJWFP],amzn1.campaign.2ON2Q7SGV0X51,CalmMind Vitamins 05-08/30-09- 20%,Pinnaclife,2026-08-05,2026-09-30,20.00%,100000.0,100000.0,145,800,false
[B091DXM4C4],amzn1.campaign.IY20AB6PKN0,Outfit Care Made Easier with OMAIGA 1750W Steam Iron - 15% Commission - 865,OMAIGA,2026-08-07,2027-08-03,15.00%,5000.0,5000.0,177,800,false
"[B0GYXZ5Q95, B0GYXRB9JG, B0GYXZXJLB, B0GYYFQVC3, B0GYYVH8FS, B0GYZ9LL2L, B0GYXR5HS4, B0GYXX52QN, B0GYXYC4M4, B0GYXYWNRM, B0GYZ2D1KB, B0GYYK9DHB, B0GYYLRLJY, B0GYXYV2TB, B0GYZBFYB2, B0GYZ1V6SC, B0GYZ3YW43, B0GYXYSVWS, B0GYYSH5CD, B0GYZ1ZPMP, B0GYYV1MZ8, B0GYXZ6CN8, B0GYYNWP35, B0GYXRBTS1, B0GYXRCV4L, B0GYYN5S1L, B0GYZ337CW, B0GYYVH1GQ, B0GYYMQ3NL, B0GYZ3LZD8, B0GYYYVH9B, B0GYZ3CD6Y, B0GYXYZ5JT, B0GYYNH9JY, B0GYYLJLYQ, B0GYYZY3LR]",amzn1.campaign.LUO5YQWRIQVX,HOT Deal: 🌺 BerryGo Boho Maxi Dress Collab -LW-M26DR0261,BerryGo,2026-08-08,2026-11-08,10.00%,5000.0,5000.0,148,800,false
[B079G1PWFY],amzn1.campaign.3UQTVTS753CG8,Immune Health 05-08/ 30-09-20%,Pinnaclife,2026-08-05,2026-09-30,20.00%,1000000.0,1000000.0,142,800,false
[B091DXM4C4],amzn1.campaign.1OX9YKL7266U8,Practical Home Essential! OMAIGA 1750W Steam Iron - 15% Commission - 865,OMAIGA,2026-08-07,2027-08-04,15.00%,5000.0,5000.0,176,800,false
[B0F3XTBW9Y],amzn1.campaign.2VJP90H34GYXY,CREVIK Tuning Forks Resonance Set Affiliate Campaign & 15% Commission,CREVIK,2026-08-05,2026-10-31,15.00%,5000.0,4983.8,110,800,false
[B091DXM4C4],amzn1.campaign.2SXPS0SMW5ANW,Clothing Care with OMAIGA 1750W Steam Iron - 15% Commission - 865,OMAIGA,2026-08-07,2027-08-05,15.00%,5000.0,5000.0,171,800,false
"[B0D4HQZWX8, B0D4HQRT9C, B0D4HQRM9P, B0D4HP3SCK, B0D4HSKLCP, B0D4HRRMLJ]",amzn1.campaign.2S4SC73K4BP8Z,Limited Time Deal: ✨ Velvet Wrap Maxi Collab Pitch -LW-M24DR0055,BerryGo,2026-08-08,2026-11-24,10.00%,5000.0,5000.0,139,800,false
[B091DXM4C4],amzn1.campaign.1VANSDAHZRYKF,OMAIGA 1750W Steam Iron for Everyday Clothes Care - 15% Commission - 865,OMAIGA,2026-08-07,2027-08-06,15.00%,5000.0,5000.0,176,800,false
[B0GFX61218],amzn1.campaign.Y1WBQ63ZBKJ2,CREVIK Tuning Forks Harmony Set Affiliate Campaign & 15% Commission,CREVIK,2026-08-05,2026-10-31,15.00%,5000.0,4933.1,112,800,false
"[B0D4HQZWX8, B0D4HQRT9C, B0D4HQRM9P, B0D4HP3SCK, B0D4HSKLCP, B0D4HRRMLJ]",amzn1.campaign.2AUGZE6DOGBX4,HOT Deal: 🌟 Velvet Wrap Maxi Collab Request -LW-M24DR0055,BerryGo,2026-08-08,2026-11-23,10.00%,5000.0,5000.0,143,800,false
"[B0H12MHN6Y, B0H12LZ1X5, B0H12L2J5C, B0H12L69HF, B0H12JYS2X, B0H1287XTZ]",amzn1.campaign.1RBEKMHSSF05I,15% COMMISSION – DRY SNORKEL FOR ADULT  KIDS #1533,Aegend,2026-08-05,2027-08-05,15.00%,50000.0,49992.18,115,800,false
"[B0D4HQZWX8, B0D4HQRT9C, B0D4HQRM9P, B0D4HP3SCK, B0D4HSKLCP, B0D4HRRMLJ]",amzn1.campaign.2P9Y6APQ2QMPV,Great Deal: 🌸 Velvet Wrap Maxi Collab Offer -LW-M24DR0055,BerryGo,2026-08-08,2026-11-22,10.00%,5000.0,5000.0,144,800,false
"[B0H1S72ZY1, B0H1SF4NBK, B0H1S9CJCL, B0H1S4GRFF, B0H1RYLCZM, B0H1S1VTPH]",amzn1.campaign.2HATGVHRJ5CYI,15% Commission - Snorkeling Gear for Adult QS04,Aegend,2026-08-05,2027-08-05,15.00%,50000.0,49971.62,112,800,false
"[B0D4HQZWX8, B0D4HQRT9C, B0D4HQRM9P, B0D4HP3SCK, B0D4HSKLCP, B0D4HRRMLJ]",amzn1.campaign.378KSSPPCMUR4,Limited Time Deal: 💫 Velvet Wrap Maxi Collab -LW-M24DR0055,BerryGo,2026-08-08,2026-11-21,10.00%,5000.0,5000.0,148,800,false
"[B0F8HQW5SY, B0F8HQG4ZK, B0F8H93ZFW, B0F8HQG4ZF, B0F8HNNRGS, B0F8HBJXVF, B0F8HNR8C3]",amzn1.campaign.3O2BLVUJ7MNJF,"WATERELF Butter Slime Collection | Variety, Texture, and Sweet Visuals",WATERELF,2026-08-07,2027-07-28,15.00%,5000.0,5000.0,178,800,false
"[B0D4HQZWX8, B0D4HQRT9C, B0D4HQRM9P, B0D4HP3SCK, B0D4HSKLCP, B0D4HRRMLJ]",amzn1.campaign.2CKZ7AW2MAVDR,HOT Deal: 🌟 Velvet Wrap Maxi Creator Offer -LW-M24DR0055,BerryGo,2026-08-08,2026-11-20,10.00%,5000.0,5000.0,147,800,false
"[B0FVF5QSCF, B0FC5TDQHY, B0FC5TN2FC, B0FC5TD5ZB, B0G43PS1DR, B0FZTTQM6L, B0FZTTRZVH, B0G43NNWMV, B0FVDKCG3L, B0FC5WVF9Z, B0FC645ZZJ, B0G43LSGH6, B0FC5XB17J, B0G43PT8QS, B0FZSXN342, B0FZT75V19, B0FC5TPBR2, B0FC5TGVCF, B0G43VQLZT, B0FVF17PG1, B0G43L9X2J, B0FVDXFTYX, B0FC5T9B22, B0FC5YZ2RT, B0FZSRLVWM, B0G43NBNNK, B0G43LM2DL, B0FC5TQP6D, B0FZSZ38V2, B0FC5TN3X8, B0FNMKCVPM, B0FVF47QJV, B0FC5THWXY, B0FC5VLRR9, B0FC5XTR8H, B0FC5XCBKT, B0FC5TRL4F, B0G43LGY48, B0FVF6PC37, B0FC5ZXL1S, B0FC5XBQTV, B0FVDRPCR3, B0FVDTGS44, B0FC65ZBVT, B0FC5QGMWF, B0FNMM7XCJ, B0G43NQY56, B0FVDRPR75, B0FVF53T9T, B0G43M8TY2, B0FC5XL2JF, B0FC62DDV3, B0FC5TFN13, B0FZSY4K9Q, B0FC5TM25N, B0FC5TFRRH, B0FZV45Q7V, B0FC5TKC56, B0FC5XD8FN, B0FC5W2RPD, B0FZV2FR6S, B0FC5TSF36, B0FC63TWWM, B0FC5JV323, B0FC61F2JH, B0FZV3Q6SH, B0FVF42XRP, B0FC663YQG, B0FVFDGHKZ, B0FC5TMY7C, B0FZSZQF8M, B0FZSYBXPN, B0FNMKTF3H, B0FC5XJ21P, B0FC5TDKWX, B0FVDR8C5F, B0FVDTB82V, B0FVF894LP, B0FVDV48ZY, B0FVF6N927, B0FC5TKL54, B0FC5QG7FM, B0FZSSDHDY, B0FC5TKL53, B0FVDX87TQ, B0FC5ZZB9D, B0FNMNZ125, B0FNMLZKWB, B0FZT1MN2J, B0FNMKC9T7, B0FC5XP3BY, B0G43MKYH1, B0G43WPQ3Y, B0G43TYJB4, B0FC5TCVYY, B0FC5JLQ8Z, B0FVDVD2H3, B0FZSTLW58]",amzn1.campaign.RAHGFVLBP99H,🏡 HUGEAR Cozy 8x10 Rug Deal: Limited Discount You’ll Love! -SC-BJD,HUGEAR,2026-08-05,2026-10-12,10.00%,5000.0,5000.0,156,800,false
"[B0F8HQW5SY, B0F8HQG4ZK, B0F8H93ZFW, B0F8HQG4ZF, B0F8HNNRGS, B0F8HBJXVF, B0F8HNR8C3]",amzn1.campaign.1P9LWSOY34C2I,WATERELF Butter Slime Collection | Desk Toy & Fidget Fun,WATERELF,2026-08-07,2027-07-29,15.00%,5000.0,5000.0,179,800,false
"[B0D4HQZWX8, B0D4HQRT9C, B0D4HQRM9P, B0D4HP3SCK, B0D4HSKLCP, B0D4HRRMLJ]",amzn1.campaign.2OMJD2ZCC01I7,Great Deal: ✨ Velvet Wrap Maxi Collab Invite -LW-M24DR0055,BerryGo,2026-08-08,2026-11-19,10.00%,5000.0,5000.0,149,800,false
"[B0D4RC74CF, B0D4R8VMDJ, B0CWS6Z7D3, B0859J9ZJQ, B00IDWP4IA, B00K2O3NV2, B0D4RD4F5F, B08MMYW9Q6, B00QL1ZJK8, B0D4RMXGZP, B0DBWKMH78, B00J5N0Y4U, B0CWS5P87C, B0986LPJNS, B0DZ8DXW47, B0DBW8GJ8X, B0CT65VP1R, B01FUZ6DD2, B0CWS75LY8, B00Q5ERAWQ, B09862XT4R, B0985R2HW8, B0DBWN9MVY, B0CF47F6PD, B0822VY9BB, B00NLKAVL4, B0CT65DRCL, B00Q301WXK, B00VMYKCL0]",amzn1.campaign.PR7O6S5HCU7A,Besties: 💖 Everything You Need in One Bundle - Now on Sale,InstaNatural,2026-08-25,2026-09-24,10.00%,10000.0,10000.0,127,800,false
"[B0D4HQZWX8, B0D4HQRT9C, B0D4HQRM9P, B0D4HP3SCK, B0D4HSKLCP, B0D4HRRMLJ]",amzn1.campaign.2I228KCCUBPSL,Limited Time Deal: 🌟 Velvet V-Neck Maxi Collab -LW-M24DR0055,BerryGo,2026-08-08,2026-11-18,10.00%,5000.0,5000.0,152,800,false
"[B0F8HQW5SY, B0F8HQG4ZK, B0F8H93ZFW, B0F8HQG4ZF, B0F8HNNRGS, B0F8HBJXVF, B0F8HNR8C3]",amzn1.campaign.1YN1DC9LCAY9G,WATERELF Sensory Butter Slime | Family-Friendly Creative Play,WATERELF,2026-08-07,2027-07-31,15.00%,5000.0,5000.0,183,800,false
"[B0D4RC74CF, B0D4R8VMDJ, B0CWS6Z7D3, B0859J9ZJQ, B00IDWP4IA, B00K2O3NV2, B0D4RD4F5F, B08MMYW9Q6, B00QL1ZJK8, B0D4RMXGZP, B0DBWKMH78, B00J5N0Y4U, B0CWS5P87C, B0986LPJNS, B0DZ8DXW47, B0DBW8GJ8X, B0CT65VP1R, B01FUZ6DD2, B0CWS75LY8, B00Q5ERAWQ, B09862XT4R, B0985R2HW8, B0DBWN9MVY, B0CF47F6PD, B0822VY9BB, B00NLKAVL4, B0CT65DRCL, B00Q301WXK, B00VMYKCL0]",amzn1.campaign.UOISWE5DO83J,Besties: ⏰ Last Chance for Back-to-School Savings!,InstaNatural,2026-08-18,2026-09-17,10.00%,10000.0,10000.0,144,800,false
"[B0F8HQW5SY, B0F8HQG4ZK, B0F8H93ZFW, B0F8HQG4ZF, B0F8HNNRGS, B0F8HBJXVF, B0F8HNR8C3]",amzn1.campaign.24FAEM2CJEKO6,WATERELF Butter Slime Collection | Short-Form Video Friendly,WATERELF,2026-08-07,2027-08-01,15.00%,5000.0,5000.0,182,800,false
"[B0D4RC74CF, B0D4R8VMDJ, B0CWS6Z7D3, B0859J9ZJQ, B00IDWP4IA, B00K2O3NV2, B0D4RD4F5F, B08MMYW9Q6, B00QL1ZJK8, B0D4RMXGZP, B0DBWKMH78, B00J5N0Y4U, B0CWS5P87C, B0986LPJNS, B0DZ8DXW47, B0DBW8GJ8X, B0CT65VP1R, B01FUZ6DD2, B0CWS75LY8, B00Q5ERAWQ, B09862XT4R, B0985R2HW8, B0DBWN9MVY, B0CF47F6PD, B0822VY9BB, B00NLKAVL4, B0CT65DRCL, B00Q301WXK, B00VMYKCL0]",amzn1.campaign.3W2Z83ZHM75U4,🎒 ✨ Build Healthy Habits Before the First Bell. Besties  August Sale ✨,InstaNatural,2026-08-12,2026-09-11,10.00%,10000.0,10000.0,152,800,false
"[B0D4HQZWX8, B0D4HQRT9C, B0D4HQRM9P, B0D4HP3SCK, B0D4HSKLCP, B0D4HRRMLJ]",amzn1.campaign.18O7IVL6TKCY2,HOT Deal: 🌸 Velvet Wrap Maxi Collab Invite -LW-M24DR0055,BerryGo,2026-08-08,2026-11-17,10.00%,5000.0,5000.0,148,800,false
"[B0F8HQW5SY, B0F8HQG4ZK, B0F8H93ZFW, B0F8HQG4ZF, B0F8HNNRGS, B0F8HBJXVF, B0F8HNR8C3]",amzn1.campaign.CHI1WMDR7EET,WATERELF Dessert Slime Collection | Multiple Themes to Explore,WATERELF,2026-08-07,2027-08-02,15.00%,5000.0,5000.0,182,800,false
"[B0F8HQW5SY, B0F8HQG4ZK, B0F8H93ZFW, B0F8HQG4ZF, B0F8HNNRGS, B0F8HBJXVF, B0F8HNR8C3]",amzn1.campaign.1NPGMK9E4BO29,WATERELF Non-Sticky Butter Slime | Satisfying Sensory Play,WATERELF,2026-08-07,2027-08-03,15.00%,5000.0,5000.0,183,800,false
"[B0D4HQZWX8, B0D4HQRT9C, B0D4HQRM9P, B0D4HP3SCK, B0D4HSKLCP, B0D4HRRMLJ]",amzn1.campaign.1YJM3ATSU6L9H,Great Deal: ✨ Velvet Wrap Maxi Collab Offer -LW-M24DR0055,BerryGo,2026-08-08,2026-11-16,10.00%,5000.0,5000.0,149,800,false
"[B0D4HQZWX8, B0D4HQRT9C, B0D4HQRM9P, B0D4HP3SCK, B0D4HSKLCP, B0D4HRRMLJ]",amzn1.campaign.2VVGAUIJXCM6K,Limited Time Deal: 🌟 Velvet Maxi Dress Collab -LW-M24DR0055,BerryGo,2026-08-08,2026-11-15,10.00%,5000.0,5000.0,151,800,false
"[B0GZJ2YYBH, B0GZLM7XFV]",amzn1.campaign.TL9JOLON915D,Waterproof Shotgun Case IP67 Zipper Padded Gun Bag,SealBags,2026-08-05,2026-11-01,30.00%,5000.0,4985.0,111,800,false
"[B0F8HQW5SY, B0F8HQG4ZK, B0F8H93ZFW, B0F8HQG4ZF, B0F8HNNRGS, B0F8HBJXVF, B0F8HNR8C3]",amzn1.campaign.3BHVDCK6BEJDW,WATERELF Scented Butter Slime | Cozy Bakery-Themed Play,WATERELF,2026-08-07,2027-08-05,15.00%,5000.0,5000.0,184,800,false
"[B0F8HQW5SY, B0F8HQG4ZK, B0F8H93ZFW, B0F8HQG4ZF, B0F8HNNRGS, B0F8HBJXVF, B0F8HNR8C3]",amzn1.campaign.1PWNX4LU4CCN6,WATERELF Butter Slime Collection | Dessert-Inspired Sensory Fun,WATERELF,2026-08-07,2027-08-06,15.00%,5000.0,5000.0,178,800,false
"[B0D4HQZWX8, B0D4HQRT9C, B0D4HQRM9P, B0D4HP3SCK, B0D4HSKLCP, B0D4HRRMLJ]",amzn1.campaign.3Q87FGTPED131,HOT Deal: 💫 Velvet Wrap Maxi Creator Collab -LW-M24DR0055,BerryGo,2026-08-08,2026-11-14,10.00%,5000.0,5000.0,151,800,false
[B0GZLM7XFV],amzn1.campaign.GXV06XHZI3NI,Waterproof Field Kit Multi-Purpose Bag,SealBags,2026-08-05,2026-11-01,30.00%,5000.0,5000.0,115,800,false
"[B0H3PV57G4, B0H3PL4RWJ, B0H3P9JD61, B0H3PNG5JS, B0H3PNMGH7, B0H3PGJSVR, B0H3PR5TMZ, B0H3PM3KDS, B0H3PH6DHG, B0H3PFQVW1, B0H3PQR1NV, B0H3PMDDY1, B0H3PSN1CY, B0H3PFYBBQ, B0H3PG6CXW, B0H3PNXH3Z, B0H3PXFBNB, B0H3PH757Q, B0H3PHXLTL, B0H3PCFJ75, B0H3PH54GX, B0H3PKTD15, B0H3PKX3Y8, B0H3PLN7R7, B0H3PJ3JLL, B0H3PM42ZD, B0H3PP2KSM, B0H3PV36TJ, B0H3PQKR4X, B0H3PQ9T2S, B0H3PH8LGK, B0H3PSL856, B0H3PH483M, B0H3PW914S, B0H3PLH3Q4, B0H3PKK492, B0H3PN3LPV, B0H3PR8FD1, B0H3PPNT9P, B0H3PLXPVK, B0H3PLQ844, B0H3PCB4MK, B0H3PJCLHF, B0H3PLXDWD, B0H3PKHGK5, B0H3PRMT86, B0H3PD1YMF, B0H3P9K2SN, B0H3PXJ7S6, B0H3PL7RMF, B0H3PKJXRC, B0H3PRBB2J, B0H3PHQ46G, B0H3PP5FNR, B0H3PN7V8M, B0H3PKY579, B0H3PRBF1Y, B0H3PCV4ZY, B0H3PLBCX7, B0H3PLV1Y7]",amzn1.campaign.118BMWVM2WN28,WST2904 💰 10% Commissions to promote ✨Women 2 Piece Outfits,Sipaya,2026-08-05,2027-03-31,10.00%,12000.0,10879.53,25,800,false
"[B0CQX7PTMP, B0CQX8KMNZ, B0CQX7P4K3, B0D8GRPB4M, B0CQX89TZM]",amzn1.campaign.22707B1UQXXWB,WATERELF Slime Collection | Color Variety & Sensory Appeal,WATERELF,2026-08-07,2027-07-28,15.00%,5000.0,5000.0,177,800,false
[B0H58QH16X],amzn1.campaign.3VR9ZGC9SLA58,"15-Pc 3-Inch Flap Sanding Discs 60 Grit,Over 10,000 sold every month,11%",Runful,2026-08-05,2026-09-30,11.00%,5000.0,5000.0,121,800,false
"[B0D4HQZWX8, B0D4HQRT9C, B0D4HQRM9P, B0D4HP3SCK, B0D4HSKLCP, B0D4HRRMLJ]",amzn1.campaign.12YSZMLCCMLN4,Great Deal: 🌟 Velvet Wrap Maxi Partnership Invite -LW-M24DR0055,BerryGo,2026-08-08,2026-11-13,10.00%,5000.0,5000.0,147,800,false
"[B0CQX7PTMP, B0CQX8KMNZ, B0CQX7P4K3, B0D8GRPB4M, B0CQX89TZM]",amzn1.campaign.3MV1OTR9NWBA1,WATERELF Slime Collection | Desk Toy & Fidget Play,WATERELF,2026-08-07,2027-07-29,15.00%,5000.0,5000.0,181,800,false
"[B0D4HQZWX8, B0D4HQRT9C, B0D4HQRM9P, B0D4HP3SCK, B0D4HSKLCP, B0D4HRRMLJ]",amzn1.campaign.374X6PL9PEQM6,Limited Time Deal: 🌸 Velvet Wrap Dress Collab -LW-M24DR0055,BerryGo,2026-08-08,2026-11-12,10.00%,5000.0,5000.0,152,800,false
"[B0H1C8WRDW, B07SPFYBCB, B0G1TBHL38, B07Q3T17J1, B0H1C6VJCF, B0GYHWL9K1]",amzn1.campaign.A8R8XODVW570,Vinamit_Mix (New Package)_20% Commission_03082026,Vinamit,2026-08-05,2026-12-31,20.00%,5000.0,4953.05,100,800,false
[B0G5LKCBW8],amzn1.campaign.XHUMG3HR03DL,Floral LOVE Embroidery Kit Creator Campaign | 15% Commission,Vereela,2026-08-05,2026-09-30,15.00%,5000.0,5000.0,120,800,false
"[B0CQX7PTMP, B0CQX8KMNZ, B0CQX7P4K3, B0D8GRPB4M, B0CQX89TZM]",amzn1.campaign.2P2J9W2CWP0OP,WATERELF Slime Collection | Short-Form Video Friendly,WATERELF,2026-08-07,2027-08-01,15.00%,5000.0,5000.0,181,800,false
"[B0FVF5QSCF, B0FC5TDQHY, B0FC5TN2FC, B0FC5TD5ZB, B0G43PS1DR, B0FZTTQM6L, B0FZTTRZVH, B0G43NNWMV, B0FVDKCG3L, B0FC5WVF9Z, B0FC645ZZJ, B0G43LSGH6, B0FC5XB17J, B0G43PT8QS, B0FZSXN342, B0FZT75V19, B0FC5TPBR2, B0FC5TGVCF, B0G43VQLZT, B0FVF17PG1, B0G43L9X2J, B0FVDXFTYX, B0FC5T9B22, B0FC5YZ2RT, B0FZSRLVWM, B0G43NBNNK, B0G43LM2DL, B0FC5TQP6D, B0FZSZ38V2, B0FC5TN3X8, B0FNMKCVPM, B0FVF47QJV, B0FC5THWXY, B0FC5VLRR9, B0FC5XTR8H, B0FC5XCBKT, B0FC5TRL4F, B0G43LGY48, B0FVF6PC37, B0FC5ZXL1S, B0FC5XBQTV, B0FVDRPCR3, B0FVDTGS44, B0FC65ZBVT, B0FC5QGMWF, B0FNMM7XCJ, B0G43NQY56, B0FVDRPR75, B0FVF53T9T, B0G43M8TY2, B0FC5XL2JF, B0FC62DDV3, B0FC5TFN13, B0FZSY4K9Q, B0FC5TM25N, B0FC5TFRRH, B0FZV45Q7V, B0FC5TKC56, B0FC5XD8FN, B0FC5W2RPD, B0FZV2FR6S, B0FC5TSF36, B0FC63TWWM, B0FC5JV323, B0FC61F2JH, B0FZV3Q6SH, B0FVF42XRP, B0FC663YQG, B0FVFDGHKZ, B0FC5TMY7C, B0FZSZQF8M, B0FZSYBXPN, B0FNMKTF3H, B0FC5XJ21P, B0FC5TDKWX, B0FVDR8C5F, B0FVDTB82V, B0FVF894LP, B0FVDV48ZY, B0FVF6N927, B0FC5TKL54, B0FC5QG7FM, B0FZSSDHDY, B0FC5TKL53, B0FVDX87TQ, B0FC5ZZB9D, B0FNMNZ125, B0FNMLZKWB, B0FZT1MN2J, B0FNMKC9T7, B0FC5XP3BY, B0G43MKYH1, B0G43WPQ3Y, B0G43TYJB4, B0FC5TCVYY, B0FC5JLQ8Z, B0FVDVD2H3, B0FZSTLW58]",amzn1.campaign.2TJOUZEWZ0NSE,🎉 HUGEAR 8x10 Vintage Rug Limited Offer: 27% OFF Surprise Deal! -SC-BJD,HUGEAR,2026-08-05,2026-10-11,10.00%,5000.0,5000.0,161,800,false
"[B0D4HQZWX8, B0D4HQRT9C, B0D4HQRM9P, B0D4HP3SCK, B0D4HSKLCP, B0D4HRRMLJ]",amzn1.campaign.1SPOJSEPB4T40,HOT Deal: ✨ Sparkling Velvet Maxi Collab Invite -LW-M24DR0055,BerryGo,2026-08-08,2026-11-11,10.00%,5000.0,5000.0,151,800,false
"[B0GLV18VSS, B0GMKRGRVL]",amzn1.campaign.1BXVMRIIVF5ZF,Joulebody Superfood bites | 10% Commission | Organic Energy & Nutrition 10 Bites,Joulebody,2026-08-05,2026-12-31,10.00%,5000.0,5000.0,120,800,false
"[B0CQX7PTMP, B0CQX8KMNZ, B0CQX7P4K3, B0D8GRPB4M, B0CQX89TZM]",amzn1.campaign.2GUSS5A30TDR6,WATERELF Non-Sticky Slime Line | Sensory Play for All Ages,WATERELF,2026-08-07,2027-08-03,15.00%,5000.0,5000.0,182,800,false
"[B0D4HQZWX8, B0D4HQRT9C, B0D4HQRM9P, B0D4HP3SCK, B0D4HSKLCP, B0D4HRRMLJ]",amzn1.campaign.G2ZBELGSE4MS,Great Deal: 🌟 Velvet Wrap Dress Collab Opportunity -LW-M24DR0055,BerryGo,2026-08-08,2026-11-10,10.00%,5000.0,5000.0,150,800,false
"[B0CQX7PTMP, B0CQX8KMNZ, B0CQX7P4K3, B0D8GRPB4M, B0CQX89TZM]",amzn1.campaign.257HDAVD00G2S,WATERELF Slime Collection | Giftable Sensory Toy Set,WATERELF,2026-08-07,2027-08-04,15.00%,5000.0,5000.0,180,800,false
"[B0D4HQZWX8, B0D4HQRT9C, B0D4HQRM9P, B0D4HP3SCK, B0D4HSKLCP, B0D4HRRMLJ]",amzn1.campaign.3M69A42V8TEO7,Limited Time Deal: ✨ Velvet Wrap Maxi Collab Invite -LW-M24DR0055,BerryGo,2026-08-08,2026-11-09,10.00%,5000.0,5000.0,154,800,false
"[B008AJYS2Y, B008AJYRRA, B008CJ2946]",amzn1.campaign.1Q30M67PD1O9,Under glow Lights - 15% Commission Rate - Gifts for Kids/Toddler,Board Blazers,2026-08-05,2026-11-03,15.00%,5000.0,4997.0,114,800,false
"[B0CQX7PTMP, B0CQX8KMNZ, B0CQX7P4K3, B0D8GRPB4M, B0CQX89TZM]",amzn1.campaign.2RRIGENK7Y6QM,WATERELF Easter Egg Slime Family | Bold Colors & Fun Texture,WATERELF,2026-08-07,2027-08-05,15.00%,5000.0,5000.0,181,800,false
"[B0DHDDJ5XP, B0DJ1H7JDV]",amzn1.campaign.3OYXIPQPKMJJK,Bowling Ball Cleaner Spray,Spekkled Girrafe,2026-08-05,2026-09-30,10.00%,5000.0,5000.0,127,800,false
"[B0CQX7PTMP, B0CQX8KMNZ, B0CQX7P4K3, B0D8GRPB4M, B0CQX89TZM]",amzn1.campaign.23BGJHVH6K47B,WATERELF Galaxy Slime Collection | Colorful Sensory Play,WATERELF,2026-08-07,2027-08-06,15.00%,5000.0,5000.0,181,800,false
"[B0D4HQZWX8, B0D4HQRT9C, B0D4HQRM9P, B0D4HP3SCK, B0D4HSKLCP, B0D4HRRMLJ]",amzn1.campaign.2Y71ZZ60DPZBR,HOT Deal: 🌟 Velvet V-Neck Wrap Maxi Collab -LW-M24DR0055,BerryGo,2026-08-08,2026-11-08,10.00%,5000.0,5000.0,152,800,false
"[B0F8H224LZ, B0D8GPPFMS, B0F8HTZPYQ, B0F8H6LW4Z, B0D8GRKM7T, B0FHPRTPSV, B0F8GX2LFH, B0D8GJ6XBW, B0F8HLHH4N]",amzn1.campaign.30221PUIFE0L5,WATERELF Putty Collection | Desk Toy & Fidget Play,WATERELF,2026-08-07,2027-07-29,15.00%,5000.0,5000.0,170,800,false
"[B0F8H224LZ, B0D8GPPFMS, B0F8HTZPYQ, B0F8H6LW4Z, B0D8GRKM7T, B0FHPRTPSV, B0F8GX2LFH, B0D8GJ6XBW, B0F8HLHH4N]",amzn1.campaign.1U7OPA9AS7J6D,"WATERELF Putty Family | Themes, Colors, and Sensory Appeal",WATERELF,2026-08-07,2027-07-30,15.00%,5000.0,5000.0,181,800,false
"[B0GTNGMBMQ, B0GTNG7V3W, B0GTN9K3YW, B0GTNGQSKY]",amzn1.campaign.2K26MSCVP6EO,Limited Time Deal: BerryGo Flowy Summer Maxi Collab -CYT-M26DR0154,BerryGo,2026-08-08,2026-11-24,10.00%,5000.0,5000.0,134,800,false
"[B0H5YCYVM7, B0H5NP8JNK, B0H61BP2Q9, B0H5YQZ7VP]",amzn1.campaign.J0BJQZ8OLOFM,LEZZET 25% COMMISION Creator Premiere - Variety Packs & Gift Sets (4 Months),LEZZET SPECIALTY GRADE TURKISH COFFEE,2026-08-05,2026-12-05,25.00%,1000000.0,1000000.0,104,800,false
[B0H5FNBP16],amzn1.campaign.AI4ESMRSUZS1,"Top 10 Best-Sellers (10k+), 10-Pc 3-Inch Flap Sanding Discs, 60 Grit,13%",Runful,2026-08-05,2026-09-30,13.00%,5000.0,4998.44,125,800,false
"[B0GTNGMBMQ, B0GTNG7V3W, B0GTN9K3YW, B0GTNGQSKY]",amzn1.campaign.1A85PVLIWH97U,HOT Deal: BerryGo Elegant Embroidered Maxi Collab -CYT-M26DR0154,BerryGo,2026-08-08,2026-11-23,10.00%,5000.0,5000.0,138,800,false
"[B0H3M5P5KN, B0H3M2CLSK, B0G2M9Q1C7, B0GDQZM4D1, B0G2MCCQK8, B0GDRHYVRV, B0G2M7WZKY, B0G93JY9D8, B0G2MDS464, B0GDQZDTBR, B0G93RK7RW, B0GFDJSGTB, B0G2MCFRX6, B0GFDVN5R4, B0GDRR4F2J, B0GDRSYW6D]",amzn1.campaign.10NN55RS9VPPS,Stand Tall with SLANA,SLANA,2026-08-05,2027-08-05,25.00%,1000000.0,999910.75,63,800,false
"[B0GQPYB4L4, B0GQPVL2H8]",amzn1.campaign.3KWSDQ8GXU1DF,33% Commission Bestseller cord clips,Aeebliay,2026-08-05,2027-07-14,33.00%,5000.0,4964.6,117,800,false
"[B0H2LY4WCZ, B0H2LRJWMW, B0H2LR7BB4, B0H2LRH4HQ, B0H2LT14FC, B0H2LT4NLC, B0H2LYNYV9, B0H2LRLNKY, B0H2LSV51F, B0H2LM72RK, B0H2LY8LSG, B0H2LNNX8C]",amzn1.campaign.34BNVN6FDISRU,Earn 10%: MODALSILKY Mens MicroModal Silky Soft Briefs Underwear Promotion,MODALSILKY,2026-08-05,2026-09-10,10.00%,5000.0,4989.8,116,800,false
"[B0GTNGMBMQ, B0GTNG7V3W, B0GTN9K3YW, B0GTNGQSKY]",amzn1.campaign.3DY0WINTUH8S0,Great Deal: BerryGo Dress Collab (High‑Converting) -CYT-M26DR0154,BerryGo,2026-08-08,2026-11-22,10.00%,5000.0,5000.0,137,800,false
"[B0F8H224LZ, B0D8GPPFMS, B0F8HTZPYQ, B0F8H6LW4Z, B0D8GRKM7T, B0FHPRTPSV, B0F8GX2LFH, B0D8GJ6XBW, B0F8HLHH4N]",amzn1.campaign.2VK8UASXFXWX1,WATERELF Parent Collection | Multiple Looks to Explore,WATERELF,2026-08-07,2027-08-02,15.00%,5000.0,5000.0,181,800,false
"[B0GQPYB4L4, B0GQPVL2H8]",amzn1.campaign.1FRFJ10H83DVW,🔥🔥🔥32.9% Commission Bestseller wire holders🔥🔥🔥,Aeebliay,2026-08-05,2027-07-14,32.90%,5000.0,4824.73,147,800,false
"[B0F8H224LZ, B0D8GPPFMS, B0F8HTZPYQ, B0F8H6LW4Z, B0D8GRKM7T, B0FHPRTPSV, B0F8GX2LFH, B0D8GJ6XBW, B0F8HLHH4N]",amzn1.campaign.2FXJE4ZRL433P,WATERELF Putty Collection | Non-Sticky Sensory Fun,WATERELF,2026-08-07,2027-08-03,15.00%,5000.0,5000.0,180,800,false
"[B0GQPYB4L4, B0GQPVL2H8]",amzn1.campaign.UEIGBN4AIN47,🔥🔥🔥32.8% Commission Bestseller cord clips for desk🔥🔥🔥,Aeebliay,2026-08-05,2027-07-14,32.80%,5000.0,5000.0,158,800,false
"[B0GTNGMBMQ, B0GTNG7V3W, B0GTN9K3YW, B0GTNGQSKY]",amzn1.campaign.34UBI7M3P49AO,Limited Time Deal: BerryGo Best‑Seller Maxi Collab -CYT-M26DR0154,BerryGo,2026-08-08,2026-11-21,10.00%,5000.0,5000.0,147,800,false
"[B0F8H224LZ, B0D8GPPFMS, B0F8HTZPYQ, B0F8H6LW4Z, B0D8GRKM7T, B0FHPRTPSV, B0F8GX2LFH, B0D8GJ6XBW, B0F8HLHH4N]",amzn1.campaign.2UKH68173W4DI,WATERELF Sensory Putty Line | Giftable Toy Collection,WATERELF,2026-08-07,2027-08-04,15.00%,5000.0,5000.0,180,800,false
"[B0GQPYB4L4, B0GQPVL2H8]",amzn1.campaign.Z7LCRPXD0ZTH,🔥🔥🔥32.7% Commission Bestseller cable clamp🔥🔥🔥,Aeebliay,2026-08-05,2027-07-14,32.70%,5000.0,5000.0,159,800,false
"[B0FVF5QSCF, B0FC5TDQHY, B0FC5TN2FC, B0FC5TD5ZB, B0G43PS1DR, B0FZTTQM6L, B0FZTTRZVH, B0G43NNWMV, B0FVDKCG3L, B0FC5WVF9Z, B0FC645ZZJ, B0G43LSGH6, B0FC5XB17J, B0G43PT8QS, B0FZSXN342, B0FZT75V19, B0FC5TPBR2, B0FC5TGVCF, B0G43VQLZT, B0FVF17PG1, B0G43L9X2J, B0FVDXFTYX, B0FC5T9B22, B0FC5YZ2RT, B0FZSRLVWM, B0G43NBNNK, B0G43LM2DL, B0FC5TQP6D, B0FZSZ38V2, B0FC5TN3X8, B0FNMKCVPM, B0FVF47QJV, B0FC5THWXY, B0FC5VLRR9, B0FC5XTR8H, B0FC5XCBKT, B0FC5TRL4F, B0G43LGY48, B0FVF6PC37, B0FC5ZXL1S, B0FC5XBQTV, B0FVDRPCR3, B0FVDTGS44, B0FC65ZBVT, B0FC5QGMWF, B0FNMM7XCJ, B0G43NQY56, B0FVDRPR75, B0FVF53T9T, B0G43M8TY2, B0FC5XL2JF, B0FC62DDV3, B0FC5TFN13, B0FZSY4K9Q, B0FC5TM25N, B0FC5TFRRH, B0FZV45Q7V, B0FC5TKC56, B0FC5XD8FN, B0FC5W2RPD, B0FZV2FR6S, B0FC5TSF36, B0FC63TWWM, B0FC5JV323, B0FC61F2JH, B0FZV3Q6SH, B0FVF42XRP, B0FC663YQG, B0FVFDGHKZ, B0FC5TMY7C, B0FZSZQF8M, B0FZSYBXPN, B0FNMKTF3H, B0FC5XJ21P, B0FC5TDKWX, B0FVDR8C5F, B0FVDTB82V, B0FVF894LP, B0FVDV48ZY, B0FVF6N927, B0FC5TKL54, B0FC5QG7FM, B0FZSSDHDY, B0FC5TKL53, B0FVDX87TQ, B0FC5ZZB9D, B0FNMNZ125, B0FNMLZKWB, B0FZT1MN2J, B0FNMKC9T7, B0FC5XP3BY, B0G43MKYH1, B0G43WPQ3Y, B0G43TYJB4, B0FC5TCVYY, B0FC5JLQ8Z, B0FVDVD2H3, B0FZSTLW58]",amzn1.campaign.1CHF92U7VCK8W,🚀 HUGEAR 8x10 Rug Special Offer: Vintage Style Meets Comfort! -SC-BJD,HUGEAR,2026-08-05,2026-10-10,10.00%,5000.0,5000.0,163,800,false
"[B0F8H224LZ, B0D8GPPFMS, B0F8HTZPYQ, B0F8H6LW4Z, B0D8GRKM7T, B0FHPRTPSV, B0F8GX2LFH, B0D8GJ6XBW, B0F8HLHH4N]",amzn1.campaign.IF439WA2ZKKU,WATERELF Putty Family | Color Variety & Satisfying Texture,WATERELF,2026-08-07,2027-08-05,15.00%,5000.0,5000.0,181,800,false
"[B0GQPYB4L4, B0GQPVL2H8]",amzn1.campaign.3CJABTRQKNCM5,🔥32.6% Commission Bestseller cable clamp🔥,Aeebliay,2026-08-05,2027-07-14,32.60%,5000.0,5000.0,155,800,false
"[B0GTNGMBMQ, B0GTNG7V3W, B0GTN9K3YW, B0GTNGQSKY]",amzn1.campaign.2NIDAAMBJLT8S,HOT Deal: BerryGo Vacation‑Ready Maxi Collab -CYT-M26DR0154,BerryGo,2026-08-08,2026-11-20,10.00%,5000.0,5000.0,145,800,false
"[B0GQPYB4L4, B0GQPVL2H8]",amzn1.campaign.3MLSS33XY0KP6,🔥32.5% Commission Bestseller charging cord organizer🔥,Aeebliay,2026-08-05,2027-07-14,32.50%,5000.0,5000.0,155,800,false
"[B0GTNGMBMQ, B0GTNG7V3W, B0GTN9K3YW, B0GTNGQSKY]",amzn1.campaign.1WJDYVQDCFL3O,Great Deal: BerryGo Embroidered Sundress Collab -CYT-M26DR0154,BerryGo,2026-08-08,2026-11-19,10.00%,5000.0,5000.0,139,800,false
"[B0DQL9T6HT, B0C8BQFXXD, B0DT75P4WH, B0C8BN7JYF, B0DQLC75Z5]",amzn1.campaign.1IYE1EWILT4JM,Board Book - 15% commission,The Happy Start,2026-08-05,2026-12-31,15.00%,5000.0,5000.0,112,800,false
"[B0GTNGMBMQ, B0GTNG7V3W, B0GTN9K3YW, B0GTNGQSKY]",amzn1.campaign.VFE87YZB5P0F,Limited Time Deal: BerryGo V‑Neck Embroidered Dress -CYT-M26DR0154,BerryGo,2026-08-08,2026-11-18,10.00%,5000.0,5000.0,145,800,false
"[B0GQPYB4L4, B0GQPVL2H8]",amzn1.campaign.9JHUIUY75K2O,🔥🔥🔥32.4% Commission Bestseller aesthetic desk accessories🔥🔥🔥,Aeebliay,2026-08-05,2027-07-14,32.40%,5000.0,5000.0,159,800,false
"[B0F38B8992, B0FHQ3X7JP, B0F8HQLDBK, B0F8H5YHND, B0F8HDGGVC, B0F8HHVBX5, B0D8GQM27Q, B0DJSCJRXH, B0FHQ2WS2Y, B0F8HT7FBN, B0D8GJ7XC6]",amzn1.campaign.3AI5PZSJ0LCLR,WATERELF Putty Family | Collectible Looks & Sensory Appeal,WATERELF,2026-08-07,2027-07-30,15.00%,5000.0,5000.0,170,800,false
"[B0GQPYB4L4, B0GQPVL2H8]",amzn1.campaign.18M7C7J5V7Y9W,🔥🔥🔥32.3% Commission Bestseller aesthetic desk accessories🔥🔥🔥,Aeebliay,2026-08-05,2027-07-14,32.30%,5000.0,5000.0,161,800,false
"[B0GTNGMBMQ, B0GTNG7V3W, B0GTN9K3YW, B0GTNGQSKY]",amzn1.campaign.QY6JYTC2D6S5,HOT Deal: BerryGo Casual Flowy Maxi Collab -CYT-M26DR0154,BerryGo,2026-08-08,2026-11-17,10.00%,5000.0,5000.0,146,800,false
"[B0DGG1M6KS, B0DGQ3MXNH, B0DH356WB2, B0DH34FPXY, B0DGG2G8N1, B0D1BZJF6W, B0DH3445HR, B082YKNC85, B0DH36X6H9, B0DH426N7B, B0G84733C4, B0D9R5GWWM, B0DGFZ34H1, B0D1BJXYRS, B099H25QC3, B00DGB1VHG, B0DH4232TQ, B0DGG2MZVJ, B00DGB556Y, B0DGPTT341, B0D1BZLJVY, B01KY0EAGK, B0DGP9TJNN, B0DH436RRY, B0DH355R2S, B0DH34DSTZ, B0DH41R1K7, B0G7N2P16L, B088W7QJCL, B0D9R4RX4Z, B0DH35GXDR, B00DGAZ484, B0DGPLQF27, B08NTXHH3C, B0DH424LP6, B0DH349TQ7, B0D1BPGF9X, B0DH41H294, B0DH35346N, B0DH3654FK, B0DGQ17LTS, B0DH3654FG, B0DH433GM4, B0DGPRW6WF, B0DH353GLD, B01KY0E23Q, B00DGB46VO, B0DH434999, B082YL4N3C, B00DGB6608, B082YKS95X, B0DH35ZFX1, B0D1CF7B8Q, B0DGG4D4C1, B082YKV5B4, B0DGP6K63S, B0DGFZPWDC, B08CMV3DZ7, B0DH431W8F, B01KY0E8SA, B01KY0EJ20, B0DGG2ZTLN, B0D1BXSK1F, B01KY0EKLU, B082YKGDDM, B0DH36WDSS]",amzn1.campaign.2PN6ILML9897K,Vitalyte - 15% commission,Vitalyte,2026-08-05,2026-12-15,15.00%,5000.0,5000.0,156,800,false
"[B0F38B8992, B0FHQ3X7JP, B0F8HQLDBK, B0F8H5YHND, B0F8HDGGVC, B0F8HHVBX5, B0D8GQM27Q, B0DJSCJRXH, B0FHQ2WS2Y, B0F8HT7FBN, B0D8GJ7XC6]",amzn1.campaign.2ZMHFOHWGWEGU,WATERELF Putty Collection | Short-Form Video Friendly Toy,WATERELF,2026-08-07,2027-08-01,15.00%,5000.0,5000.0,176,800,false
"[B0GTNGMBMQ, B0GTNG7V3W, B0GTN9K3YW, B0GTNGQSKY]",amzn1.campaign.11LYE7JJF79D7,Great Deal: BerryGo Maxi Dress Collab Offer -CYT-M26DR0154,BerryGo,2026-08-08,2026-11-16,10.00%,5000.0,5000.0,140,800,false
"[B0GQPYB4L4, B0GQPVL2H8]",amzn1.campaign.2TB51KNELL6B9,🔥32.2% Commission Bestseller desk accessories for women🔥,Aeebliay,2026-08-05,2027-07-14,32.20%,5000.0,5000.0,161,800,false
"[B0F38B8992, B0FHQ3X7JP, B0F8HQLDBK, B0F8H5YHND, B0F8HDGGVC, B0F8HHVBX5, B0D8GQM27Q, B0DJSCJRXH, B0FHQ2WS2Y, B0F8HT7FBN, B0D8GJ7XC6]",amzn1.campaign.14G4A1UX6ZOLQ,WATERELF Putty Parent Collection | Multiple Styles to Explore,WATERELF,2026-08-07,2027-08-02,15.00%,5000.0,5000.0,175,800,false
[B086SN7ZZD],amzn1.campaign.3PJS57Q891YNO,Selfie One - 25% Commission - July to December 2026,LITTIL,2026-08-05,2026-12-31,25.00%,10000.0,9869.25,63,800,false
[B0F7LB61GP],amzn1.campaign.255HS72PNP5OQ,Earn 20% commission with our Shoe Washing Bag,ORGANIZE 360,2026-08-05,2027-04-30,20.00%,1000000.0,1000000.0,131,800,false
"[B0GQPYB4L4, B0GQPVL2H8]",amzn1.campaign.34BWAN2VAWUNL,🔥🔥🔥🔥32.1% Commission Bestseller office essentials for women🔥🔥🔥,Aeebliay,2026-08-05,2027-07-14,32.10%,5000.0,5000.0,163,800,false
"[B0F38B8992, B0FHQ3X7JP, B0F8HQLDBK, B0F8H5YHND, B0F8HDGGVC, B0F8HHVBX5, B0D8GQM27Q, B0DJSCJRXH, B0FHQ2WS2Y, B0F8HT7FBN, B0D8GJ7XC6]",amzn1.campaign.2GZ8F8LBBPCS6,WATERELF Putty Collection | Non-Sticky Sensory Toy Picks,WATERELF,2026-08-07,2027-08-03,15.00%,5000.0,5000.0,177,800,false
"[B0GTNGMBMQ, B0GTNG7V3W, B0GTN9K3YW, B0GTNGQSKY]",amzn1.campaign.39FBVMGU7XQ3T,Limited Time Deal: BerryGo Smocked Maxi Dress Collab -CYT-M26DR0154,BerryGo,2026-08-08,2026-11-15,10.00%,5000.0,5000.0,146,800,false
"[B0B3D96PL3, B09NDYG8PC, B0F4MG93RC, B0C2X34PNY, B0FX3GFYJP, B08TLP2QWP, B0D2YWGJCV, B0H8BC2DBF, B0F561S23M, B08TLWXH4T, B0D2Z66MXJ, B00176T9OY, B0DGVG2PTM, B0DNNRJWSJ, B015QIC1PW, B0DNNPSTDG, B071HFV836]",amzn1.campaign.7AKCAW7KJ9KK,Emergency & Weather Radios,Midland Radio,2026-08-04,2026-12-31,10.00%,20000.0,19033.37,5,800,false
"[B0CLR2TGRY, B0986W95NK, B0CLQLSHNH]",amzn1.campaign.13I0BTID7QHGB,Disco Scooter Lights - 15% Commission Rate - Gifts for Kids/Toddler,Board Blazers,2026-08-05,2026-11-03,15.00%,5000.0,4972.25,106,800,false
"[B0F38B8992, B0FHQ3X7JP, B0F8HQLDBK, B0F8H5YHND, B0F8HDGGVC, B0F8HHVBX5, B0D8GQM27Q, B0DJSCJRXH, B0FHQ2WS2Y, B0F8HT7FBN, B0D8GJ7XC6]",amzn1.campaign.3OYBFBO25O6KJ,WATERELF Sensory Putty Line | Giftable Toy Collection,WATERELF,2026-08-07,2027-08-04,15.00%,5000.0,5000.0,178,800,false
"[B0GTNGMBMQ, B0GTNG7V3W, B0GTN9K3YW, B0GTNGQSKY]",amzn1.campaign.1HXX14SV2162O,HOT Deal: BerryGo Flutter Sleeve Maxi Collab -CYT-M26DR0154,BerryGo,2026-08-08,2026-11-14,10.00%,5000.0,5000.0,145,800,false
"[B0F38B8992, B0FHQ3X7JP, B0F8HQLDBK, B0F8H5YHND, B0F8HDGGVC, B0F8HHVBX5, B0D8GQM27Q, B0DJSCJRXH, B0FHQ2WS2Y, B0F8HT7FBN, B0D8GJ7XC6]",amzn1.campaign.44FDPIZHE6PA,WATERELF Putty Collection | Multi-Color Sensory Play,WATERELF,2026-08-07,2027-08-06,15.00%,5000.0,5000.0,178,800,false
"[B0GTNGMBMQ, B0GTNG7V3W, B0GTN9K3YW, B0GTNGQSKY]",amzn1.campaign.WBCI6GEU8GJ3,Great Deal: BerryGo Summer Maxi Collab Invite -CYT-M26DR0154,BerryGo,2026-08-08,2026-11-13,10.00%,5000.0,5000.0,144,800,false
"[B0FVF5QSCF, B0FC5TDQHY, B0FC5TN2FC, B0FC5TD5ZB, B0G43PS1DR, B0FZTTQM6L, B0FZTTRZVH, B0G43NNWMV, B0FVDKCG3L, B0FC5WVF9Z, B0FC645ZZJ, B0G43LSGH6, B0FC5XB17J, B0G43PT8QS, B0FZSXN342, B0FZT75V19, B0FC5TPBR2, B0FC5TGVCF, B0G43VQLZT, B0FVF17PG1, B0G43L9X2J, B0FVDXFTYX, B0FC5T9B22, B0FC5YZ2RT, B0FZSRLVWM, B0G43NBNNK, B0G43LM2DL, B0FC5TQP6D, B0FZSZ38V2, B0FC5TN3X8, B0FNMKCVPM, B0FVF47QJV, B0FC5THWXY, B0FC5VLRR9, B0FC5XTR8H, B0FC5XCBKT, B0FC5TRL4F, B0G43LGY48, B0FVF6PC37, B0FC5ZXL1S, B0FC5XBQTV, B0FVDRPCR3, B0FVDTGS44, B0FC5QGMWF, B0FNMM7XCJ, B0G43NQY56, B0FVDRPR75, B0FVF53T9T, B0G43M8TY2, B0FC5XL2JF, B0FC62DDV3, B0FC5TFN13, B0FZSY4K9Q, B0FC5TM25N, B0FC5TFRRH, B0FZV45Q7V, B0FC5TKC56, B0FC5XD8FN, B0FC5W2RPD, B0FZV2FR6S, B0FC5TSF36, B0FC63TWWM, B0FC5JV323, B0FC61F2JH, B0FZV3Q6SH, B0FVF42XRP, B0FC663YQG, B0FVFDGHKZ, B0FC5TMY7C, B0FZSZQF8M, B0FZSYBXPN, B0FNMKTF3H, B0FC5XJ21P, B0FC5TDKWX, B0FVDR8C5F, B0FVDTB82V, B0FVF894LP, B0FVDV48ZY, B0FVF6N927, B0FC5TKL54, B0FC5QG7FM, B0FZSSDHDY, B0FC5TKL53, B0FVDX87TQ, B0FC5ZZB9D, B0FNMNZ125, B0FNMLZKWB, B0FZT1MN2J, B0FNMKC9T7, B0FC5XP3BY, B0G43MKYH1, B0G43WPQ3Y, B0G43TYJB4, B0FC5TCVYY, B0FC5JLQ8Z, B0FVDVD2H3, B0FZSTLW58]",amzn1.campaign.1R2M9V0PIUPMB,🌸 HUGEAR Vintage Area Rug 8x10 Sale Event: Save More Today! -SC-BJD,HUGEAR,2026-08-05,2026-10-09,10.00%,5000.0,5000.0,152,800,false
"[B0GTNGMBMQ, B0GTNG7V3W, B0GTN9K3YW, B0GTNGQSKY]",amzn1.campaign.1RDWTJP7CYEWB,Limited Time Deal: BerryGo Embroidery Sundress Collab -CYT-M26DR0154,BerryGo,2026-08-08,2026-11-12,10.00%,5000.0,5000.0,145,800,false
"[B0F9YSK18T, B0F8HL7271, B0F8HLWWYZ, B0FHQ2DYZ9, B0F8HLV54R, B0F9YVRYH5, B0F8HBF2XZ, B0F9YR2B3X, B0F9YN9LTM, B0F8HN21MG, B0F8HPBH7T]",amzn1.campaign.67LTQP4FCW9X,WATERELF Putty Collection | Desk Toy & Sensory Fidget Fun,WATERELF,2026-08-07,2027-07-29,15.00%,5000.0,5000.0,169,800,false
"[B07FGKYJ85, B0FDX7DYP2, B01AH3RT9Y]",amzn1.campaign.1ZHOHELL7N785,BioGaia Adult Probiotics for Digestive Health,BioGaia,2026-08-05,2027-08-05,15.00%,20000.0,19983.21,52,800,false
"[B0GTNGMBMQ, B0GTNG7V3W, B0GTN9K3YW, B0GTNGQSKY]",amzn1.campaign.27C4HCLE8JJEX,HOT Deal: BerryGo Smocked Empire Maxi Collab -CYT-M26DR0154,BerryGo,2026-08-08,2026-11-11,10.00%,5000.0,5000.0,145,800,false
"[B0F9YSK18T, B0F8HL7271, B0F8HLWWYZ, B0FHQ2DYZ9, B0F8HLV54R, B0F9YVRYH5, B0F8HBF2XZ, B0F9YR2B3X, B0F9YN9LTM, B0F8HN21MG, B0F8HPBH7T]",amzn1.campaign.2QPGA1EW6BHDZ,WATERELF Sensory Putty Collection | Family Fun Toy Picks,WATERELF,2026-08-07,2027-07-31,15.00%,5000.0,5000.0,176,800,false
"[B0DB6JM2Q7, B08L482ZQN, B0GR6SPQGF, B09QLJ4CX7, B08WZ4Z36M, B09K14YTQH, B0DB6K85Z7, B0BGVTB8QB, B07WHM37L6, B09M5QVD77, B07CN1W3M2, B0FYVP241Y, B09K168RYF, B084M8BQM4, B0DP3QCX57, B0B9FDXMMW, B09QLHGQ2M, B09T55B677, B09P9SQJF4, B07T3DYW5F, B09M7N72SP, B0D9VG7J2N, B0FYC16BWW, B09PY33MM7, B079MHQS3Z, B09T59H33B, B09T57188G, B0CM81XH4R, B09VS2R43J, B0FD1L9T3Q, B086FHYS37, B08514BTZH, B093X69MD3, B098YZHZZQ, B0H9W3F6NQ, B09R9DF8Z1, B0D7V291GG, B08MPP57LC, B09WZG99RB, B0FYW2VJ9Q, B09T515L9V, B0856Q7M89, B09BXM9B59, B093X6P3MR, B0851T4C2X, B08M9LBZRC, B09PJ1LXK2, B0C2RY15WG, B08R12KB1F, B07RQMYMWN, B08P3YPJ9P, B09KMCPNXQ, B09K2JSSHN, B0984WH2Y1, B098YJX57C, B09R3YNMV8, B07XJ1MB5C, B09T4RG124, B0946BG1XM, B098YZ6M7Q, B0D1DK2XF2, B098Z4MPS3, B09KMCJ62V, B09KMDCZ2N, B08MTK466H, B08L49176X, B09853HVHH, B0D4SL8N6G, B09PB3ML9W, B0F16F8H59, B0982F8RJ1, B09PFG1132, B09LXNFCXB, B09M7LKJCP, B09M7KLGWW, B08XYG2J7T, B079MFFZ7J, B0DVFH1DT5, B08ZFT4WYW, B07WHHB4HS, B08SFZPKP3, B09PB1XN1X, B08MLC3Y83, B0BSL1KBQ1, B09KMD1KMX, B08GD1SYRK, B094MYMKPQ, B0DVMC7WPN, B094Q4D1KB, B0G5MY7YGS, B083QQQ92G, B08LQXR4NF, B0D88VZ6WY, B0968XT2JY, B09K2W7TWC, B08F8Y3SDG, B09K2CKBBN, B0H9ZH463X, B08M48L8SJ, B0GR492RX8, B0CXTYY9P6, B084T7J481, B0DYYX85RB, B07RNMMQLZ, B08WZD7X69, B084M81SKJ, B09T56LMCH, B084M8JNXH, B098YNP47T, B07T3Q8CQM, B09PFFGS44, B09M7LW35C, B08MDL1LPV, B07XXLDPH1, B09PFDCMKT, B0F4GQ35FG, B0H6YHH4D4, B0DNLL6C2F, B08QR7FNH2, B07S2CRV4T, B0BZ1VD2WS, B09M7LMKDJ, B09BXQK8Z1, B09P9YFW11, B07S81GR2B, B09HW814W3, B0CXGYHSYL, B0BY12HQNJ, B079HHL418, B07ZL55JRN, B0HBZXKJ68, B0CXTYXXDR, B0DDZW8T77, B0GC95ZSSZ, B0FYVQ7X9B, B0HB2MGLK6, B08XDRKSZX, B08XDF2DWN, B0DZ9P444N, B09K27NG2Z, B07NXG1BWG, B08LN26QRB, B0DHJPZNR5, B07S85VSXC, B09M7L19R5, B0GR3WMV63, B07TCJHP81, B09B16B6QH, B079MGP9WS, B09M7J94J2, B08XDJSGGT, B0FD1HMVVT, B08WZ8R3KK, B09M7NYHG2, B0H8R4FL33, B07CMT5LFQ, B09N5W148F, B07WFHRYQ4, B0FG14JJB1, B09LKL6J1D, B08RLC9BJ2, B0CXRLZBJP, B07RYBNQ53, B0BSMQM69W, B0D9YZHT69, B09BXV8PZP, B0CXVBBDN9, B07WG9SZFR, B084KPCJB1, B0C365RNCT, B09PB2S39T, B09T56479Q, B084M8NHCN, B09T4YDJZR, B08Z852PQ7, B07WHF6XQ2, B079HBVFCY, B0BGWRGP68, B08NWLBTL1, B09K134SZX, B0H5JSFK6J, B08XDYMCLR, B0DSHBVKB9, B0BYGMC2GR, B091TDH1LV, B084T7GZS6, B0DJ9XVNXV, B0DG9R1VBT, B0GN3X9FW3, B085BZL7JL, B09KMFL8Y8, B09KMBKWHB, B08RLBB877, B082DVH1YX, B093X76KZF, B0BSMSW2YW, B09LTMCWDN, B0H52J5MJL, B08ZFQR4ZG, B0C9SM7DPZ, B09P9LNDLH, B09P2XJSBK, B08XYH8YT5, B08XHTL1K2, B0C9YT74T1, B07TFL76PN, B079MFV88W, B0GXJF2NNJ, B0G3KJSWR7, B08514QWFJ, B0GBLR8XSN, B098YTW3T5, B09BX8N8XM, B08WTBNCST, B08WTHFKTQ, B0G3KD3W3M, B084M8SRLK, B09K2XWF4L, B07TCKNHPK, B0DXHZBH2B, B0DJNJ7GBF, B0DZ9CYR4R, B0CXZD29CY, B09R8X23MM, B0DJRSSW9J, B08WTWMS57, B0CXZQRNLK, B08XDJNLJ1, B0833JTD12, B0H7Z2XDCZ, B09R1CSMDR, B09M7M5BBH, B08RLG44P7, B09982XRJG, B0833L83JZ, B093X68CCT, B0949RSWWK, B0979QPB6X, B0CXW4RJG9, B084H6667P, B083F8BLLJ, B0979S39B7, B09D6GNNYB, B09M7L7QXD, B0C9S5NGYW, B0C9KLB69D, B08M111HVM, B09M7MGXYN, B093P61DQ6, B079MDH7Y6, B08L46P1SG, B098YZ9859, B099885K75, B09K1RT1L8, B0D9XBG8H5, B0D1DFPKM6, B0FYD28QNZ, B07CN1W6DP, B0H42JNZVK, B07QY1C6PQ, B0833KVF53, B08QTYNGX1, B0BYTKSP3R, B08WT5LLMK, B0FV9B7F1C, B07RZ9MFJB, B09K165SXB, B0DZDWFHS8, B09RCF1QTJ, B08XDTTDPV, B08G7BZWG6, B07ZXQ5F4V, B09BXMCVNN, B0885VMXN9, B0DK2M4VN5, B0DJTX6NJQ, B08RLTYLSN, B0H4HQ6VQ7, B0D5ZH1FZ9, B08WTV2GHQ, B08RM4SW5K, B083PXVM5Y, B08RW4PV39, B0GKM8CRW5, B0985113T9, B08XF5PDH9, B0FL1RDK15, B0982CRCGT, B079C4H2ML, B0CN3VK8Q3, B0FWMQPJP5, B098YF8B4P, B094BMLQSJ, B0CB77RZC9, B08XDP7DWG, B08ZG6WQZD, B0C9KRZDGL, B08D6ZHQMS, B084M86Z57, B0C9VZY2F7, B079MD4BDX, B079HL8D5W, B0DQBNKVMF, B0979QL94M, B08ZG99NYK, B09M6CYCMS, B07S1YRD37, B08ZG8Y4BH, B0GMLKV9Y4, B0H814QFTN, B094BGY8JX, B0C9SMQRVH, B094T2M5Y4, B09M7N2Q85, B0C9PD9Y8G, B07ZL4ZJ2B, B07CLMSTJ1, B083QQX17Y, B08DTNHKGJ, B0DQ9M6P58, B084M88941, B0BVN1W36H, B09WXQSHBM, B082DT4MXQ, B0BYMCWM7M, B0FG13GWS2, B08RLVDP1L, B079MGQB4D, B08BF93K7P, B09KMBPDGN, B079MD4NZV, B0833K86V6, B079MD4NZR, B09WZJTQRK, B08WYMBVN5, B0CB21KR57, B09PFDRWCM, B0D88VG7F1, B09K2JLTFP, B07MKDTHS7, B0C9YT1FCH, B08WT872B4, B0G54CBBBM, B082GQ3L86, B08XF5DS3Z, B0949RJM59, B0BVN17DYX, B09PFCTNK5, B09PFDJS63, B07NWGBV27, B0CQTTJ5R8, B09HVWNRNJ, B084M8MG4F, B084M8KBR4, B079MH3LCV, B079MGCJM5, B09P9VR47D, B082GPV486, B08XDQX9JW, B0D4RMSJK1, B079MBX85F, B084M8D6MG, B0C4CGFRLT, B08WTK4CN3, B0D9NBK5W1, B09XWJRVS9, B09M7NGTBZ, B08XFN7FTB, B09F4L9NZB, B0C12B62KJ, B0977VPS99, B09T5HTM17, B09PFDPXMM, B0979K3SGP, B079HH42KL, B089SBDVVV, B09M7MCG18, B094Q7WRTW, B0H3WTZG2Y, B083F88SJM, B09T4P2595, B0042FN4AM, B08RLYDQDR, B0HC1S255Y, B0859MZYL7, B079HHKJSJ, B0DJN2F588, B08CS1QHM9, B0C9KL7DSG, B0CXRJDS9Y, B09976PVNW, B0H3XQPGWM, B0949RF2HP, B07ZYDN2HX, B09KMFZCRT, B08LQ7BWHB, B09M7MY4HB, B09RD9DZSZ, B09M7K4Y95, B0DGJNFSDR, B09KMDBQP3, B07WHKGBVC, B0G1CQRMKM]",amzn1.campaign.2TDFKGWTOWSWY,Joey'z 15% Commission - Home & Kitchen Accessories,JOEY'Z,2026-08-05,2026-12-31,15.00%,1000000.0,999978.25,45,800,false
"[B0F9YSK18T, B0F8HL7271, B0F8HLWWYZ, B0FHQ2DYZ9, B0F8HLV54R, B0F9YVRYH5, B0F8HBF2XZ, B0F9YR2B3X, B0F9YN9LTM, B0F8HN21MG, B0F8HPBH7T]",amzn1.campaign.28XD6PNQS7NAH,WATERELF Putty Collection | Short-Form Video Friendly Toy,WATERELF,2026-08-07,2027-08-01,15.00%,5000.0,5000.0,180,800,false
"[B0GTNGMBMQ, B0GTNG7V3W, B0GTN9K3YW, B0GTNGQSKY]",amzn1.campaign.NXO4YAUP2ZF,Great Deal: BerryGo V‑Neck Maxi Collab Invite -CYT-M26DR0154,BerryGo,2026-08-08,2026-11-10,10.00%,5000.0,5000.0,144,800,false
"[B0D7DF6VMS, B0D79W279F, B0C1F2HJ2B, B0BDSJ7KYK, B0GF5TPRSK, B0F7QLWNZC, B0CRQMQBYV, B0D79VFJ54, B0FSR3B1G6, B0FSR32CMB, B0CRQM1M3N, B0CRQKR8LM, B0GF6NHZBY, B0BDSDBDLQ, B0C1FDJNYD, B0C1F5TX7C, B0BDGJZTV2, B0C1F1RF8D, B0B8MJGJ82, B0CRQNK6DB, B0BDTDSXM1, B0BQN9Q2KR, B0GF647DSR]",amzn1.campaign.240R8FT0YNT5V,Machine washable and dishwasher safe - 15% commission,Harps&Seb,2026-08-05,2027-03-31,15.00%,5000.0,5000.0,85,800,false
"[B0F9YSK18T, B0F8HL7271, B0F8HLWWYZ, B0FHQ2DYZ9, B0F8HLV54R, B0F9YVRYH5, B0F8HBF2XZ, B0F9YR2B3X, B0F9YN9LTM, B0F8HN21MG, B0F8HPBH7T]",amzn1.campaign.26V9W7YGXZUJB,WATERELF Putty Parent Collection | Multiple Styles to Choose,WATERELF,2026-08-07,2027-08-02,15.00%,5000.0,5000.0,179,800,false
"[B0D7DF6VMS, B0D79W279F, B0C1F2HJ2B, B0BDSJ7KYK, B0GF5TPRSK, B0F7QLWNZC, B0CRQMQBYV, B0D79VFJ54, B0FSR3B1G6, B0FSR32CMB, B0CRQM1M3N, B0CRQKR8LM, B0GF6NHZBY, B0BDSDBDLQ, B0C1FDJNYD, B0C1F5TX7C, B0BDGJZTV2, B0C1F1RF8D, B0B8MJGJ82, B0CRQNK6DB, B0BDTDSXM1, B0BQN9Q2KR, B0GF647DSR]",amzn1.campaign.1MHNF7VNU1RHT,"Super absorbent, washable, and fully compostable - 15%",Harps&Seb,2026-08-05,2027-03-19,15.00%,5000.0,4998.5,154,800,false
"[B0GYXBX49Y, B0G1XTRZM9, B0G1YCVFMC, B0GYYMB2QB, B0GYY8BZT9, B0GYYM1JXC]",amzn1.campaign.1I6C71C356K93,10% Commission | 30K+ Monthly Sales Revenue Bathtub Non Slip Stickers,Gecork,2026-08-05,2026-10-10,10.00%,5000.0,4862.71,97,800,false
"[B0F9YSK18T, B0F8HL7271, B0F8HLWWYZ, B0FHQ2DYZ9, B0F8HLV54R, B0F9YVRYH5, B0F8HBF2XZ, B0F9YR2B3X, B0F9YN9LTM, B0F8HN21MG, B0F8HPBH7T]",amzn1.campaign.2NX0GNWXIRK0U,WATERELF Sensory Putty Line | Non-Sticky Stress Relief Fun,WATERELF,2026-08-07,2027-08-03,15.00%,5000.0,5000.0,177,800,false
"[B0GTNGMBMQ, B0GTNG7V3W, B0GTN9K3YW, B0GTNGQSKY]",amzn1.campaign.11DV6V418U0S8,Limited Time Deal: BerryGo Flowy Maxi Dress Collab -CYT-M26DR0154,BerryGo,2026-08-08,2026-11-09,10.00%,5000.0,5000.0,142,800,false
"[B0F9YSK18T, B0F8HL7271, B0F8HLWWYZ, B0FHQ2DYZ9, B0F8HLV54R, B0F9YVRYH5, B0F8HBF2XZ, B0F9YR2B3X, B0F9YN9LTM, B0F8HN21MG, B0F8HPBH7T]",amzn1.campaign.2HPTO5SWOPP0R,WATERELF Putty Collection | Giftable Sensory Toy Set,WATERELF,2026-08-07,2027-08-04,15.00%,5000.0,5000.0,177,800,false
"[B0DMKZ2PLG, B0DSJWN9CY]",amzn1.campaign.2PFL11MMWVDWY,Naturally Smooth Skin with HADEA - 20% commission,HADEA,2026-08-05,2026-12-22,20.00%,5000.0,5000.0,132,800,false
"[B0GTNGMBMQ, B0GG97VLLJ, B0GTNG7V3W, B0GG97VHKL, B0GG931D7R, B0GTN9K3YW, B0GG93HSPV, B0GTNGQSKY]",amzn1.campaign.30Y3YTRO3SBFR,HOT Deal: BerryGo Embroidered Maxi Dress Collab -CYT-M26DR0154,BerryGo,2026-08-08,2027-02-08,10.00%,5000.0,4995.7,96,800,false
"[B0G8VMB2GT, B0D1DFRQ8H, B0FPZ5LK9V, B0FPSKFXL3, B0D1GWVXTM, B0GY5K6Q33, B0D1H6HP88]",amzn1.campaign.3HYO2V5NI8V8N,Grout Pen Grout Paint Marker — Change Your Grout Color - 15% commission,Grout Solutions,2026-08-05,2026-12-04,15.00%,5000.0,4935.56,114,800,false
"[B0F9YSK18T, B0F8HL7271, B0F8HLWWYZ, B0FHQ2DYZ9, B0F8HLV54R, B0F9YVRYH5, B0F8HBF2XZ, B0F9YR2B3X, B0F9YN9LTM, B0F8HN21MG, B0F8HPBH7T]",amzn1.campaign.1ZB49MA0PL460,WATERELF Putty Collection | Bold Colors & Satisfying Play,WATERELF,2026-08-07,2027-08-05,15.00%,5000.0,5000.0,179,800,false
"[B0CTGMV7N6, B0CSLZDYB6, B0CVMRPRNZ]",amzn1.campaign.UFJY2K21ZCRX,Great Lakes Pot Pies – Pie Chips 20% Commission,Great Lakes Pot Pies,2026-08-05,2027-03-09,20.00%,5000.0,5000.0,117,800,false
"[B0F9YSK18T, B0F8HL7271, B0F8HLWWYZ, B0FHQ2DYZ9, B0F8HLV54R, B0F9YVRYH5, B0F8HBF2XZ, B0F9YR2B3X, B0F9YN9LTM, B0F8HN21MG, B0F8HPBH7T]",amzn1.campaign.B43BKOKCQGSZ,WATERELF Sensory Putty Collection | Multi-Color Toy Line,WATERELF,2026-08-07,2027-08-06,15.00%,5000.0,5000.0,178,800,false
[B0C67QVGDC],amzn1.campaign.XU4CDN6CH84B,GH Man Power - 20% commission,Grazin Health,2026-08-05,2026-10-20,20.00%,5000.0,5000.0,119,800,false
"[B0GG97VLLJ, B0GG97VHKL, B0GG931D7R, B0GG93HSPV]",amzn1.campaign.2O1V3F666QYDL,Limited Time Deal: 🌼 BerryGo Summer Mesh Dress Collab -LW-M26DR0135,BerryGo,2026-08-08,2027-02-24,10.00%,5000.0,5000.0,139,800,false
[B0C66VWTZN],amzn1.campaign.375PA1OGB3Q73,GH Spleen Capsules - 20% commission,Grazin Health,2026-08-05,2026-10-20,20.00%,5000.0,5000.0,153,800,false
"[B0FVF5QSCF, B0FC5TDQHY, B0FC5TN2FC, B0FC5TD5ZB, B0G43PS1DR, B0FZTTQM6L, B0FZTTRZVH, B0G43NNWMV, B0FVDKCG3L, B0FC5WVF9Z, B0FC645ZZJ, B0G43LSGH6, B0FC5XB17J, B0G43PT8QS, B0FZSXN342, B0FZT75V19, B0FC5TPBR2, B0FC5TGVCF, B0G43VQLZT, B0FVF17PG1, B0G43L9X2J, B0FVDXFTYX, B0FC5T9B22, B0FC5YZ2RT, B0FZSRLVWM, B0G43NBNNK, B0G43LM2DL, B0FC5TQP6D, B0FZSZ38V2, B0FC5TN3X8, B0FNMKCVPM, B0FVF47QJV, B0FC5THWXY, B0FC5VLRR9, B0FC5XTR8H, B0FC5XCBKT, B0FC5TRL4F, B0G43LGY48, B0FVF6PC37, B0FC5ZXL1S, B0FC5XBQTV, B0FVDRPCR3, B0FVDTGS44, B0FC65ZBVT, B0FC5QGMWF, B0FNMM7XCJ, B0G43NQY56, B0FVDRPR75, B0FVF53T9T, B0G43M8TY2, B0FC5XL2JF, B0FC62DDV3, B0FC5TFN13, B0FZSY4K9Q, B0FC5TM25N, B0FC5TFRRH, B0FZV45Q7V, B0FC5TKC56, B0FC5XD8FN, B0FC5W2RPD, B0FZV2FR6S, B0FC5TSF36, B0FC63TWWM, B0FC5JV323, B0FC61F2JH, B0FZV3Q6SH, B0FVF42XRP, B0FC663YQG, B0FVFDGHKZ, B0FC5TMY7C, B0FZSZQF8M, B0FZSYBXPN, B0FNMKTF3H, B0FC5XJ21P, B0FC5TDKWX, B0FVDR8C5F, B0FVDTB82V, B0FVF894LP, B0FVDV48ZY, B0FVF6N927, B0FC5TKL54, B0FC5QG7FM, B0FZSSDHDY, B0FC5TKL53, B0FVDX87TQ, B0FC5ZZB9D, B0FNMNZ125, B0FNMLZKWB, B0FZT1MN2J, B0FNMKC9T7, B0FC5XP3BY, B0G43MKYH1, B0G43WPQ3Y, B0G43TYJB4, B0FC5TCVYY, B0FC5JLQ8Z, B0FVDVD2H3, B0FZSTLW58]",amzn1.campaign.14N7CAC00CF4S,💫 HUGEAR 8x10 Washable Rug Limited Discount For Home Lovers! -SC-BJD,HUGEAR,2026-08-05,2026-10-08,10.00%,5000.0,5000.0,156,800,false
"[B0GZ5C5G3C, B0DH9XCL9L, B0GYB2X62H]",amzn1.campaign.1E0KPS65BRND1,Gut Glo - 25% commission,GLO Inner Wellness,2026-08-05,2026-12-15,25.00%,5000.0,5000.0,114,800,false
"[B0GG97VLLJ, B0GG97VHKL, B0GG931D7R, B0GG93HSPV]",amzn1.campaign.687NBNN2VGMP,Great Deal: 💫 BerryGo Holiday Dress Collab -LW-M26DR0135,BerryGo,2026-08-08,2026-11-22,10.00%,5000.0,5000.0,142,800,false
[B0GS543DCX],amzn1.campaign.1HWYAT4GCLZ7R,Blackview SCM5 Laptop Screen Extender 10%commission!Besteller!!!🔥🔥🔥,Blackview,2026-08-05,2026-10-31,10.00%,5000.0,4856.36,59,800,false
"[B0DP64P4V7, B0DNRMDH2L, B0DP64MWTH, B0DP63NNJF]",amzn1.campaign.13WM788SKHT8L,Coops Dog Leash 2026 (5 Aug - 4 Nov),STITCHLEASH,2026-08-05,2026-11-04,15.00%,5000.0,4981.52,93,800,false
"[B0GG97VLLJ, B0GG97VHKL, B0GG931D7R, B0GG93HSPV]",amzn1.campaign.1Q0OR2SKFYCQC,Limited Time Deal: ✨ BerryGo Chic Mesh Dress Collab -LW-M26DR0135,BerryGo,2026-08-08,2027-02-21,10.00%,5000.0,5000.0,148,800,false
[B0BHJL4L48],amzn1.campaign.7GEZYYAKFB6I,SweetSpot- Vaginal Probiotics - B0BHJL4L48 - 15% Commission,TASTE THE SWEET SPOT,2026-08-05,2027-01-27,15.00%,5000.0,5000.0,116,800,false
"[B0DT6DW1L1, B0DT6HH83P, B0DT6RTB38, B0DT6BK35M, B0DT6N5N44, B0DT6FKG7W, B0D9LHV6H8, B0D9LHWTBR, B0DT6GZCFJ, B0D9LLFLLJ, B0DCC3YRHB, B0DT694G7X, B0DT6DBNTW, B0DCC4DJ7P, B0DT65LZ6Z, B0DCC248V4, B0D4B7D453]",amzn1.campaign.2P8E0ZDHHG58W,JURNETECH is a travel-first tech accessories  15% commission,JURNETECH,2026-08-05,2026-12-29,15.00%,5000.0,4997.15,110,800,false
"[B0GG97VLLJ, B0GG97VHKL, B0GG931D7R, B0GG93HSPV]",amzn1.campaign.2K37RAR9P5CT9,Great Deal: 💐 BerryGo Flowy Mesh Dress Collab -LW-M26DR0135,BerryGo,2026-08-08,2027-02-19,10.00%,5000.0,5000.0,148,800,false
[B0H238QLWG],amzn1.campaign.2WDZYATQSSKLI,steam cleaner-30%-0803,GEVOLCM,2026-08-05,2027-08-05,30.00%,30000.0,30000.0,148,800,false
